Rint,Equivalent_water_thickness,Index,bead1,bead2,bead3,bead4,bead5,charge1,charge2,charge3,charge4,charge5,net_charge,label_NM1,label_HB1,label_PN1,label_SI1,label_SZ1,label_NM2,label_HB2,label_PN2,label_SI2,label_SZ2,label_NM3,label_HB3,label_PN3,label_SI3,label_SZ3,label_NM4,label_HB4,label_PN4,label_SI4,label_SZ4,label_NM5,label_HB5,label_PN5,label_SI5,label_SZ5,delta_G1,delta_G2,delta_G3,delta_G4,delta_G5
-0.81642976,-0.99731533,18,C1,SQ3p,N3r,N6,N3a,0.0,1.0,0.0,0.0,0.0,1.0,C1,none,none,none,R,Q3,none,p,none,S,N3,none,none,r,R,N6,none,none,none,R,N3,a,none,none,R,17.2,-47.8,-3.6,-9.8,-3.6
-0.94948932,-1.1504732,61,C1,SQ3p,N4,N6,N4,0.0,1.0,0.0,0.0,0.0,1.0,C1,none,none,none,R,Q3,none,p,none,S,N4,none,none,none,R,N6,none,none,none,R,N4,none,none,none,R,17.2,-47.8,-5.0,-9.8,-5.0
-0.98496491,-1.2093087,115,C1,SQ3p,N6,N4,P2,0.0,1.0,0.0,0.0,0.0,1.0,C1,none,none,none,R,Q3,none,p,none,S,N6,none,none,none,R,N4,none,none,none,R,P2,none,none,none,R,17.2,-47.8,-9.8,-5.0,-13.2
-0.65889436,-0.71787588,133,C1,SQ3p,N6,N6,P3a,0.0,1.0,0.0,0.0,0.0,1.0,C1,none,none,none,R,Q3,none,p,none,S,N6,none,none,none,R,N6,none,none,none,R,P3,a,none,none,R,17.2,-47.8,-9.8,-9.8,-15.0
-0.93645321,-1.1072638,242,C1,SQ3p,N5a,N4,P5,0.0,1.0,0.0,0.0,0.0,1.0,C1,none,none,none,R,Q3,none,p,none,S,N5,a,none,none,R,N4,none,none,none,R,P5,none,none,none,R,17.2,-47.8,-7.5,-5.0,-19.2
-1.0167322,-1.1710149,671,C1,Q2,N3r,N4,P3a,0.0,1.0,0.0,0.0,0.0,1.0,C1,none,none,none,R,Q2,none,none,none,R,N3,none,none,r,R,N4,none,none,none,R,P3,a,none,none,R,17.2,-32.7,-3.6,-5.0,-15.0
-0.74377859,-0.99560419,889,C1,Q2,N5a,N1a,P1,0.0,1.0,0.0,0.0,0.0,1.0,C1,none,none,none,R,Q2,none,none,none,R,N5,a,none,none,R,N1,a,none,none,R,P1,none,none,none,R,17.2,-32.7,-7.5,2.9,-11.1
-0.99644788,-1.0658255,957,C1,Q2,N5a,N4,P3,0.0,1.0,0.0,0.0,0.0,1.0,C1,none,none,none,R,Q2,none,none,none,R,N5,a,none,none,R,N4,none,none,none,R,P3,none,none,none,R,17.2,-32.7,-7.5,-5.0,-15.0
-0.99881326,-1.0719709,1027,C1,Q2,N5a,N6,N1,0.0,1.0,0.0,0.0,0.0,1.0,C1,none,none,none,R,Q2,none,none,none,R,N5,a,none,none,R,N6,none,none,none,R,N1,none,none,none,R,17.2,-32.7,-7.5,-9.8,2.9
-0.75037776,-1.0085422,1034,C1,Q2,N4,N3r,P3a,0.0,1.0,0.0,0.0,0.0,1.0,C1,none,none,none,R,Q2,none,none,none,R,N4,none,none,none,R,N3,none,none,r,R,P3,a,none,none,R,17.2,-32.7,-5.0,-3.6,-15.0
-1.0021756,-1.0906829,1042,C1,Q2,N4,N4a,N5a,0.0,1.0,0.0,0.0,0.0,1.0,C1,none,none,none,R,Q2,none,none,none,R,N4,none,none,none,R,N4,a,none,none,R,N5,a,none,none,R,17.2,-32.7,-5.0,-5.0,-7.5
-0.90686463,-1.1136225,1065,C1,Q2,N4,N5a,N4,0.0,1.0,0.0,0.0,0.0,1.0,C1,none,none,none,R,Q2,none,none,none,R,N4,none,none,none,R,N5,a,none,none,R,N4,none,none,none,R,17.2,-32.7,-5.0,-7.5,-5.0
-1.0667072,-1.1960424,1103,C1,Q2,N4,N6,N4,0.0,1.0,0.0,0.0,0.0,1.0,C1,none,none,none,R,Q2,none,none,none,R,N4,none,none,none,R,N6,none,none,none,R,N4,none,none,none,R,17.2,-32.7,-5.0,-9.8,-5.0
-1.2295076,-1.3608817,1364,C1,Q2,N6,N3r,N4,0.0,1.0,0.0,0.0,0.0,1.0,C1,none,none,none,R,Q2,none,none,none,R,N6,none,none,none,R,N3,none,none,r,R,N4,none,none,none,R,17.2,-32.7,-9.8,-3.6,-5.0
-0.65197421,-0.78261242,1511,C1,Q2,N6,N6,P3a,0.0,1.0,0.0,0.0,0.0,1.0,C1,none,none,none,R,Q2,none,none,none,R,N6,none,none,none,R,N6,none,none,none,R,P3,a,none,none,R,17.2,-32.7,-9.8,-9.8,-15.0
-0.90631905,-1.0920661,1518,C1,Q2,N6,N6,N3r,0.0,1.0,0.0,0.0,0.0,1.0,C1,none,none,none,R,Q2,none,none,none,R,N6,none,none,none,R,N6,none,none,none,R,N3,none,none,r,R,17.2,-32.7,-9.8,-9.8,-3.6
-0.91259885,-1.0402224,1658,C1,Q1,N4,N4a,N5a,0.0,1.0,0.0,0.0,0.0,1.0,C1,none,none,none,R,Q1,none,none,none,R,N4,none,none,none,R,N4,a,none,none,R,N5,a,none,none,R,17.2,-24.2,-5.0,-5.0,-7.5
154.06727,164.45842,1882,C1,N2,N4a,Q2,N6,0.0,0.0,0.0,1.0,0.0,1.0,C1,none,none,none,R,N2,none,none,none,R,N4,a,none,none,R,Q2,none,none,none,R,N6,none,none,none,R,17.2,0.5,-5.0,-32.7,-9.8
247.35556,291.40382,1889,C1,N2,N4a,P4,P5,0.0,0.0,0.0,0.0,0.0,0.0,C1,none,none,none,R,N2,none,none,none,R,N4,a,none,none,R,P4,none,none,none,R,P5,none,none,none,R,17.2,0.5,-5.0,-17.1,-19.2
159.68268,169.82362,1930,C1,N2,N4,N5a,Q2,0.0,0.0,0.0,0.0,1.0,1.0,C1,none,none,none,R,N2,none,none,none,R,N4,none,none,none,R,N5,a,none,none,R,Q2,none,none,none,R,17.2,0.5,-5.0,-7.5,-32.7
148.58327,165.44228,1987,C1,N2,N6,Q1,N6,0.0,0.0,0.0,1.0,0.0,1.0,C1,none,none,none,R,N2,none,none,none,R,N6,none,none,none,R,Q1,none,none,none,R,N6,none,none,none,R,17.2,0.5,-9.8,-24.2,-9.8
136.59513,165.57102,1994,C1,N2,N6,N1a,Q4n,0.0,0.0,0.0,0.0,-1.0,-1.0,C1,none,none,none,R,N2,none,none,none,R,N6,none,none,none,R,N1,a,none,none,R,Q4,none,n,none,R,17.2,0.5,-9.8,2.9,-48.3
270.40302,286.60257,2001,C1,N2,N6,N3r,Q2,0.0,0.0,0.0,0.0,1.0,1.0,C1,none,none,none,R,N2,none,none,none,R,N6,none,none,none,R,N3,none,none,r,R,Q2,none,none,none,R,17.2,0.5,-9.8,-3.6,-32.7
133.13064,141.86716,2016,C1,N2,N6,N5a,Q2,0.0,0.0,0.0,0.0,1.0,1.0,C1,none,none,none,R,N2,none,none,none,R,N6,none,none,none,R,N5,a,none,none,R,Q2,none,none,none,R,17.2,0.5,-9.8,-7.5,-32.7
78.546623,82.463436,2023,C1,N2,N6,N4,Q2,0.0,0.0,0.0,0.0,1.0,1.0,C1,none,none,none,R,N2,none,none,none,R,N6,none,none,none,R,N4,none,none,none,R,Q2,none,none,none,R,17.2,0.5,-9.8,-5.0,-32.7
126.03635,138.93313,2035,C1,N2,N6,P2,Q2,0.0,0.0,0.0,0.0,1.0,1.0,C1,none,none,none,R,N2,none,none,none,R,N6,none,none,none,R,P2,none,none,none,R,Q2,none,none,none,R,17.2,0.5,-9.8,-13.2,-32.7
351.17644,435.53146,2043,C1,N2,N6,N1,Q5n,0.0,0.0,0.0,0.0,-1.0,-1.0,C1,none,none,none,R,N2,none,none,none,R,N6,none,none,none,R,N1,none,none,none,R,Q5,none,n,none,R,17.2,0.5,-9.8,2.9,-64.1
-0.24345382,-0.29136902,2068,C1,N1a,Q2,N6,N3a,0.0,0.0,1.0,0.0,0.0,1.0,C1,none,none,none,R,N1,a,none,none,R,Q2,none,none,none,R,N6,none,none,none,R,N3,a,none,none,R,17.2,2.9,-32.7,-9.8,-3.6
258.09105,300.45822,2075,C1,N1a,N4a,N5a,Q2,0.0,0.0,0.0,0.0,1.0,1.0,C1,none,none,none,R,N1,a,none,none,R,N4,a,none,none,R,N5,a,none,none,R,Q2,none,none,none,R,17.2,2.9,-5.0,-7.5,-32.7
454.42938,557.5879,2081,C1,N1a,N5a,N4a,Q2,0.0,0.0,0.0,0.0,1.0,1.0,C1,none,none,none,R,N1,a,none,none,R,N5,a,none,none,R,N4,a,none,none,R,Q2,none,none,none,R,17.2,2.9,-7.5,-5.0,-32.7
13.497526,15.567786,2093,C1,N1a,N6,Q2,P3,0.0,0.0,0.0,1.0,0.0,1.0,C1,none,none,none,R,N1,a,none,none,R,N6,none,none,none,R,Q2,none,none,none,R,P3,none,none,none,R,17.2,2.9,-9.8,-32.7,-15.0
179.94201,210.87048,2098,C1,N1a,N6,Q2,N6,0.0,0.0,0.0,1.0,0.0,1.0,C1,none,none,none,R,N1,a,none,none,R,N6,none,none,none,R,Q2,none,none,none,R,N6,none,none,none,R,17.2,2.9,-9.8,-32.7,-9.8
370.7635,409.7125,2102,C1,N1a,N6,N3r,Q2,0.0,0.0,0.0,0.0,1.0,1.0,C1,none,none,none,R,N1,a,none,none,R,N6,none,none,none,R,N3,none,none,r,R,Q2,none,none,none,R,17.2,2.9,-9.8,-3.6,-32.7
211.62626,229.67559,2106,C1,N1a,N6,N4a,Q4n,0.0,0.0,0.0,0.0,-1.0,-1.0,C1,none,none,none,R,N1,a,none,none,R,N6,none,none,none,R,N4,a,none,none,R,Q4,none,n,none,R,17.2,2.9,-9.8,-5.0,-48.3
446.93452,495.04823,2110,C1,N1a,N6,N5a,Q2,0.0,0.0,0.0,0.0,1.0,1.0,C1,none,none,none,R,N1,a,none,none,R,N6,none,none,none,R,N5,a,none,none,R,Q2,none,none,none,R,17.2,2.9,-9.8,-7.5,-32.7
212.3778,266.86456,2114,C1,N1a,N6,N4,Q2,0.0,0.0,0.0,0.0,1.0,1.0,C1,none,none,none,R,N1,a,none,none,R,N6,none,none,none,R,N4,none,none,none,R,Q2,none,none,none,R,17.2,2.9,-9.8,-5.0,-32.7
392.54862,437.7304,2118,C1,N1a,N6,P4,P5,0.0,0.0,0.0,0.0,0.0,0.0,C1,none,none,none,R,N1,a,none,none,R,N6,none,none,none,R,P4,none,none,none,R,P5,none,none,none,R,17.2,2.9,-9.8,-17.1,-19.2
156.06751,165.14796,2123,C1,N1a,N6,N6,Q1,0.0,0.0,0.0,0.0,1.0,1.0,C1,none,none,none,R,N1,a,none,none,R,N6,none,none,none,R,N6,none,none,none,R,Q1,none,none,none,R,17.2,2.9,-9.8,-9.8,-24.2
191.86247,207.89393,2186,C1,N1a,N1a,N6,Q5n,0.0,0.0,0.0,0.0,-1.0,-1.0,C1,none,none,none,R,N1,a,none,none,R,N1,a,none,none,R,N6,none,none,none,R,Q5,none,n,none,R,17.2,2.9,2.9,-9.8,-64.1
209.58372,216.72046,2211,C1,N1a,N4,N5a,Q2,0.0,0.0,0.0,0.0,1.0,1.0,C1,none,none,none,R,N1,a,none,none,R,N4,none,none,none,R,N5,a,none,none,R,Q2,none,none,none,R,17.2,2.9,-5.0,-7.5,-32.7
91.391476,95.345288,2232,C1,N1a,N6,Q1,P2,0.0,0.0,0.0,1.0,0.0,1.0,C1,none,none,none,R,N1,a,none,none,R,N6,none,none,none,R,Q1,none,none,none,R,P2,none,none,none,R,17.2,2.9,-9.8,-24.2,-13.2
123.55827,136.00228,2235,C1,N1a,N6,N2,Q4n,0.0,0.0,0.0,0.0,-1.0,-1.0,C1,none,none,none,R,N1,a,none,none,R,N6,none,none,none,R,N2,none,none,none,R,Q4,none,n,none,R,17.2,2.9,-9.8,0.5,-48.3
782.29949,1000.026,2249,C1,N1a,N6,P2,Q4n,0.0,0.0,0.0,0.0,-1.0,-1.0,C1,none,none,none,R,N1,a,none,none,R,N6,none,none,none,R,P2,none,none,none,R,Q4,none,n,none,R,17.2,2.9,-9.8,-13.2,-48.3
90.285604,108.16381,2252,C1,N1a,N6,P4,P4,0.0,0.0,0.0,0.0,0.0,0.0,C1,none,none,none,R,N1,a,none,none,R,N6,none,none,none,R,P4,none,none,none,R,P4,none,none,none,R,17.2,2.9,-9.8,-17.1,-17.1
-0.7131899,-0.83354805,2423,C1,N3r,Q1,N4a,P3a,0.0,0.0,1.0,0.0,0.0,1.0,C1,none,none,none,R,N3,none,none,r,R,Q1,none,none,none,R,N4,a,none,none,R,P3,a,none,none,R,17.2,-3.6,-24.2,-5.0,-15.0
61.716003,68.842275,2466,C1,N3r,N1a,N5a,Q2,0.0,0.0,0.0,0.0,1.0,1.0,C1,none,none,none,R,N3,none,none,r,R,N1,a,none,none,R,N5,a,none,none,R,Q2,none,none,none,R,17.2,-3.6,2.9,-7.5,-32.7
27.893554,32.542394,2477,C1,N3r,N1a,N4a,Q4n,0.0,0.0,0.0,0.0,-1.0,-1.0,C1,none,none,none,R,N3,none,none,r,R,N1,a,none,none,R,N4,a,none,none,R,Q4,none,n,none,R,17.2,-3.6,2.9,-5.0,-48.3
74.87796,89.725399,2501,C1,N3r,N3r,N1a,Q5n,0.0,0.0,0.0,0.0,-1.0,-1.0,C1,none,none,none,R,N3,none,none,r,R,N3,none,none,r,R,N1,a,none,none,R,Q5,none,n,none,R,17.2,-3.6,-3.6,2.9,-64.1
164.39997,173.38521,2625,C1,N3r,N4a,P2,Q2,0.0,0.0,0.0,0.0,1.0,1.0,C1,none,none,none,R,N3,none,none,r,R,N4,a,none,none,R,P2,none,none,none,R,Q2,none,none,none,R,17.2,-3.6,-5.0,-13.2,-32.7
1.1564561,1.4020584,2678,C1,N3r,N5a,Q1,P3a,0.0,0.0,0.0,1.0,0.0,1.0,C1,none,none,none,R,N3,none,none,r,R,N5,a,none,none,R,Q1,none,none,none,R,P3,a,none,none,R,17.2,-3.6,-7.5,-24.2,-15.0
11.162108,13.041604,2750,C1,N3r,N5a,N6,Q2,0.0,0.0,0.0,0.0,1.0,1.0,C1,none,none,none,R,N3,none,none,r,R,N5,a,none,none,R,N6,none,none,none,R,Q2,none,none,none,R,17.2,-3.6,-7.5,-9.8,-32.7
243.66611,277.44151,2830,C1,N3r,P2,P2,P3a,0.0,0.0,0.0,0.0,0.0,0.0,C1,none,none,none,R,N3,none,none,r,R,P2,none,none,none,R,P2,none,none,none,R,P3,a,none,none,R,17.2,-3.6,-13.2,-13.2,-15.0
288.63479,334.12125,2889,C1,N3r,P4,P4,N6,0.0,0.0,0.0,0.0,0.0,0.0,C1,none,none,none,R,N3,none,none,r,R,P4,none,none,none,R,P4,none,none,none,R,N6,none,none,none,R,17.2,-3.6,-17.1,-17.1,-9.8
299.28663,309.58759,2958,C1,N3r,N6,SQ2p,N6,0.0,0.0,0.0,1.0,0.0,1.0,C1,none,none,none,R,N3,none,none,r,R,N6,none,none,none,R,Q2,none,p,none,S,N6,none,none,none,R,17.2,-3.6,-9.8,-43.3,-9.8
316.21262,374.70983,3070,C1,N3r,N6,P2,P4,0.0,0.0,0.0,0.0,0.0,0.0,C1,none,none,none,R,N3,none,none,r,R,N6,none,none,none,R,P2,none,none,none,R,P4,none,none,none,R,17.2,-3.6,-9.8,-13.2,-17.1
-0.090339681,-0.15491894,3078,C1,N3r,N6,P4,P3a,0.0,0.0,0.0,0.0,0.0,0.0,C1,none,none,none,R,N3,none,none,r,R,N6,none,none,none,R,P4,none,none,none,R,P3,a,none,none,R,17.2,-3.6,-9.8,-17.1,-15.0
291.60835,328.26023,3142,C1,N4a,N4a,P4,P2,0.0,0.0,0.0,0.0,0.0,0.0,C1,none,none,none,R,N4,a,none,none,R,N4,a,none,none,R,P4,none,none,none,R,P2,none,none,none,R,17.2,-5.0,-5.0,-17.1,-13.2
193.72571,211.11805,3151,C1,N4a,N5a,N4,Q1,0.0,0.0,0.0,0.0,1.0,1.0,C1,none,none,none,R,N4,a,none,none,R,N5,a,none,none,R,N4,none,none,none,R,Q1,none,none,none,R,17.2,-5.0,-7.5,-5.0,-24.2
149.71286,165.83548,3186,C1,N4a,N6,Q2,N6,0.0,0.0,0.0,1.0,0.0,1.0,C1,none,none,none,R,N4,a,none,none,R,N6,none,none,none,R,Q2,none,none,none,R,N6,none,none,none,R,17.2,-5.0,-9.8,-32.7,-9.8
305.54427,312.45466,3191,C1,N4a,N6,N3r,Q2,0.0,0.0,0.0,0.0,1.0,1.0,C1,none,none,none,R,N4,a,none,none,R,N6,none,none,none,R,N3,none,none,r,R,Q2,none,none,none,R,17.2,-5.0,-9.8,-3.6,-32.7
373.38649,471.03845,3201,C1,N4a,N6,N5a,Q2,0.0,0.0,0.0,0.0,1.0,1.0,C1,none,none,none,R,N4,a,none,none,R,N6,none,none,none,R,N5,a,none,none,R,Q2,none,none,none,R,17.2,-5.0,-9.8,-7.5,-32.7
180.39383,211.5711,3206,C1,N4a,N6,N4,Q2,0.0,0.0,0.0,0.0,1.0,1.0,C1,none,none,none,R,N4,a,none,none,R,N6,none,none,none,R,N4,none,none,none,R,Q2,none,none,none,R,17.2,-5.0,-9.8,-5.0,-32.7
147.54356,160.84046,3220,C1,N4a,N6,P4,N6,0.0,0.0,0.0,0.0,0.0,0.0,C1,none,none,none,R,N4,a,none,none,R,N6,none,none,none,R,P4,none,none,none,R,N6,none,none,none,R,17.2,-5.0,-9.8,-17.1,-9.8
104.74011,131.94117,3502,C1,N4a,N3r,N1a,Q4n,0.0,0.0,0.0,0.0,-1.0,-1.0,C1,none,none,none,R,N4,a,none,none,R,N3,none,none,r,R,N1,a,none,none,R,Q4,none,n,none,R,17.2,-5.0,-3.6,2.9,-48.3
130.05126,132.87014,3568,C1,N4a,N4a,SQ2p,N6,0.0,0.0,0.0,1.0,0.0,1.0,C1,none,none,none,R,N4,a,none,none,R,N4,a,none,none,R,Q2,none,p,none,S,N6,none,none,none,R,17.2,-5.0,-5.0,-43.3,-9.8
134.57923,143.19604,3603,C1,N4a,N4a,N1a,Q4n,0.0,0.0,0.0,0.0,-1.0,-1.0,C1,none,none,none,R,N4,a,none,none,R,N4,a,none,none,R,N1,a,none,none,R,Q4,none,n,none,R,17.2,-5.0,-5.0,2.9,-48.3
216.61585,225.68185,3611,C1,N4a,N4a,N3r,Q2,0.0,0.0,0.0,0.0,1.0,1.0,C1,none,none,none,R,N4,a,none,none,R,N4,a,none,none,R,N3,none,none,r,R,Q2,none,none,none,R,17.2,-5.0,-5.0,-3.6,-32.7
206.53787,239.08466,3624,C1,N4a,N4a,N5a,SQ2p,0.0,0.0,0.0,0.0,1.0,1.0,C1,none,none,none,R,N4,a,none,none,R,N4,a,none,none,R,N5,a,none,none,R,Q2,none,p,none,S,17.2,-5.0,-5.0,-7.5,-43.3
565.09235,675.53087,3643,C1,N4a,N4a,P2,P4,0.0,0.0,0.0,0.0,0.0,0.0,C1,none,none,none,R,N4,a,none,none,R,N4,a,none,none,R,P2,none,none,none,R,P4,none,none,none,R,17.2,-5.0,-5.0,-13.2,-17.1
291.07973,297.96282,3644,C1,N4a,N4a,P2,SQ4p,0.0,0.0,0.0,0.0,1.0,1.0,C1,none,none,none,R,N4,a,none,none,R,N4,a,none,none,R,P2,none,none,none,R,Q4,none,p,none,S,17.2,-5.0,-5.0,-13.2,-59.2
107.07119,114.06222,3678,C1,N4a,N5a,SQ2p,N6,0.0,0.0,0.0,1.0,0.0,1.0,C1,none,none,none,R,N4,a,none,none,R,N5,a,none,none,R,Q2,none,p,none,S,N6,none,none,none,R,17.2,-5.0,-7.5,-43.3,-9.8
186.07146,227.70322,3720,C1,N4a,N5a,N1a,Q4n,0.0,0.0,0.0,0.0,-1.0,-1.0,C1,none,none,none,R,N4,a,none,none,R,N5,a,none,none,R,N1,a,none,none,R,Q4,none,n,none,R,17.2,-5.0,-7.5,2.9,-48.3
166.46259,176.07459,3744,C1,N4a,N5a,N5a,Q2,0.0,0.0,0.0,0.0,1.0,1.0,C1,none,none,none,R,N4,a,none,none,R,N5,a,none,none,R,N5,a,none,none,R,Q2,none,none,none,R,17.2,-5.0,-7.5,-7.5,-32.7
416.82357,485.46989,3767,C1,N4a,N5a,P2,P4,0.0,0.0,0.0,0.0,0.0,0.0,C1,none,none,none,R,N4,a,none,none,R,N5,a,none,none,R,P2,none,none,none,R,P4,none,none,none,R,17.2,-5.0,-7.5,-13.2,-17.1
425.21562,502.75833,3768,C1,N4a,N5a,P2,SQ4p,0.0,0.0,0.0,0.0,1.0,1.0,C1,none,none,none,R,N4,a,none,none,R,N5,a,none,none,R,P2,none,none,none,R,Q4,none,p,none,S,17.2,-5.0,-7.5,-13.2,-59.2
412.75611,467.0386,3821,C1,N4a,N4,N1,Q5n,0.0,0.0,0.0,0.0,-1.0,-1.0,C1,none,none,none,R,N4,a,none,none,R,N4,none,none,none,R,N1,none,none,none,R,Q5,none,n,none,R,17.2,-5.0,-5.0,2.9,-64.1
315.56294,360.56459,3878,C1,N4a,P2,N3r,Q2,0.0,0.0,0.0,0.0,1.0,1.0,C1,none,none,none,R,N4,a,none,none,R,P2,none,none,none,R,N3,none,none,r,R,Q2,none,none,none,R,17.2,-5.0,-13.2,-3.6,-32.7
379.99505,462.68146,3884,C1,N4a,P2,N4a,P4,0.0,0.0,0.0,0.0,0.0,0.0,C1,none,none,none,R,N4,a,none,none,R,P2,none,none,none,R,N4,a,none,none,R,P4,none,none,none,R,17.2,-5.0,-13.2,-5.0,-17.1
482.28849,510.88645,3905,C1,N4a,P2,P4,N6,0.0,0.0,0.0,0.0,0.0,0.0,C1,none,none,none,R,N4,a,none,none,R,P2,none,none,none,R,P4,none,none,none,R,N6,none,none,none,R,17.2,-5.0,-13.2,-17.1,-9.8
528.63587,589.16613,3980,C1,N4a,P4,P4,N6,0.0,0.0,0.0,0.0,0.0,0.0,C1,none,none,none,R,N4,a,none,none,R,P4,none,none,none,R,P4,none,none,none,R,N6,none,none,none,R,17.2,-5.0,-17.1,-17.1,-9.8
49.756387,52.867931,3994,C1,N4a,N1,Q2,N6,0.0,0.0,0.0,1.0,0.0,1.0,C1,none,none,none,R,N4,a,none,none,R,N1,none,none,none,R,Q2,none,none,none,R,N6,none,none,none,R,17.2,-5.0,2.9,-32.7,-9.8
105.51264,124.23651,4006,C1,N4a,N1,N3a,Q5n,0.0,0.0,0.0,0.0,-1.0,-1.0,C1,none,none,none,R,N4,a,none,none,R,N1,none,none,none,R,N3,a,none,none,R,Q5,none,n,none,R,17.2,-5.0,2.9,-3.6,-64.1
213.98823,200.76522,4045,C1,N4a,N6,SQ2p,N6,0.0,0.0,0.0,1.0,0.0,1.0,C1,none,none,none,R,N4,a,none,none,R,N6,none,none,none,R,Q2,none,p,none,S,N6,none,none,none,R,17.2,-5.0,-9.8,-43.3,-9.8
189.32112,200.68695,4052,C1,N4a,N6,Q2,Q1,0.0,0.0,0.0,1.0,1.0,2.0,C1,none,none,none,R,N4,a,none,none,R,N6,none,none,none,R,Q2,none,none,none,R,Q1,none,none,none,R,17.2,-5.0,-9.8,-32.7,-24.2
155.94158,171.80814,4060,C1,N4a,N6,Q2,N1,0.0,0.0,0.0,1.0,0.0,1.0,C1,none,none,none,R,N4,a,none,none,R,N6,none,none,none,R,Q2,none,none,none,R,N1,none,none,none,R,17.2,-5.0,-9.8,-32.7,2.9
112.05514,112.80784,4083,C1,N4a,N6,N2,Q2,0.0,0.0,0.0,0.0,1.0,1.0,C1,none,none,none,R,N4,a,none,none,R,N6,none,none,none,R,N2,none,none,none,R,Q2,none,none,none,R,17.2,-5.0,-9.8,0.5,-32.7
590.8459,718.74473,4110,C1,N4a,N6,N3a,SQ2p,0.0,0.0,0.0,0.0,1.0,1.0,C1,none,none,none,R,N4,a,none,none,R,N6,none,none,none,R,N3,a,none,none,R,Q2,none,p,none,S,17.2,-5.0,-9.8,-3.6,-43.3
307.4089,350.05677,4118,C1,N4a,N6,P2,P4,0.0,0.0,0.0,0.0,0.0,0.0,C1,none,none,none,R,N4,a,none,none,R,N6,none,none,none,R,P2,none,none,none,R,P4,none,none,none,R,17.2,-5.0,-9.8,-13.2,-17.1
-0.076390268,-0.12991562,4121,C1,N4a,N6,P4,Q4n,0.0,0.0,0.0,0.0,-1.0,-1.0,C1,none,none,none,R,N4,a,none,none,R,N6,none,none,none,R,P4,none,none,none,R,Q4,none,n,none,R,17.2,-5.0,-9.8,-17.1,-48.3
442.17157,620.56632,4123,C1,N4a,N6,P4,Q1,0.0,0.0,0.0,0.0,1.0,1.0,C1,none,none,none,R,N4,a,none,none,R,N6,none,none,none,R,P4,none,none,none,R,Q1,none,none,none,R,17.2,-5.0,-9.8,-17.1,-24.2
103.24458,107.63521,4249,C1,N4a,N3r,N5a,SQ2p,0.0,0.0,0.0,0.0,1.0,1.0,C1,none,none,none,R,N4,a,none,none,R,N3,none,none,r,R,N5,a,none,none,R,Q2,none,p,none,S,17.2,-5.0,-3.6,-7.5,-43.3
-0.53017474,-0.68625351,4272,C1,N4a,N4,SQ2p,P1,0.0,0.0,0.0,1.0,0.0,1.0,C1,none,none,none,R,N4,a,none,none,R,N4,none,none,none,R,Q2,none,p,none,S,P1,none,none,none,R,17.2,-5.0,-5.0,-43.3,-11.1
181.29078,202.38424,4293,C1,N4a,N4,N1a,Q4n,0.0,0.0,0.0,0.0,-1.0,-1.0,C1,none,none,none,R,N4,a,none,none,R,N4,none,none,none,R,N1,a,none,none,R,Q4,none,n,none,R,17.2,-5.0,-5.0,2.9,-48.3
184.31058,201.33021,4303,C1,N4a,N4,N5a,SQ2p,0.0,0.0,0.0,0.0,1.0,1.0,C1,none,none,none,R,N4,a,none,none,R,N4,none,none,none,R,N5,a,none,none,R,Q2,none,p,none,S,17.2,-5.0,-5.0,-7.5,-43.3
245.67619,292.59483,4315,C1,N4a,N4,P2,Q2,0.0,0.0,0.0,0.0,1.0,1.0,C1,none,none,none,R,N4,a,none,none,R,N4,none,none,none,R,P2,none,none,none,R,Q2,none,none,none,R,17.2,-5.0,-5.0,-13.2,-32.7
95.788028,118.08592,4338,C1,N4a,N3a,N1a,Q4n,0.0,0.0,0.0,0.0,-1.0,-1.0,C1,none,none,none,R,N4,a,none,none,R,N3,a,none,none,R,N1,a,none,none,R,Q4,none,n,none,R,17.2,-5.0,-3.6,2.9,-48.3
88.389251,109.72691,4355,C1,N4a,N3a,P2,Q2,0.0,0.0,0.0,0.0,1.0,1.0,C1,none,none,none,R,N4,a,none,none,R,N3,a,none,none,R,P2,none,none,none,R,Q2,none,none,none,R,17.2,-5.0,-3.6,-13.2,-32.7
346.84186,392.25899,4388,C1,N4a,P2,N6,P6,0.0,0.0,0.0,0.0,0.0,0.0,C1,none,none,none,R,N4,a,none,none,R,P2,none,none,none,R,N6,none,none,none,R,P6,none,none,none,R,17.2,-5.0,-13.2,-9.8,-27.2
595.95714,602.2655,4406,C1,N4a,N1,N1,Q5n,0.0,0.0,0.0,0.0,-1.0,-1.0,C1,none,none,none,R,N4,a,none,none,R,N1,none,none,none,R,N1,none,none,none,R,Q5,none,n,none,R,17.2,-5.0,2.9,2.9,-64.1
900.69537,996.33156,4407,C1,N4a,N6,SQ3p,SQ4p,0.0,0.0,0.0,1.0,1.0,2.0,C1,none,none,none,R,N4,a,none,none,R,N6,none,none,none,R,Q3,none,p,none,S,Q4,none,p,none,S,17.2,-5.0,-9.8,-47.8,-59.2
18.236099,29.097266,4408,C1,N4a,N6,SQ3p,Q2,0.0,0.0,0.0,1.0,1.0,2.0,C1,none,none,none,R,N4,a,none,none,R,N6,none,none,none,R,Q3,none,p,none,S,Q2,none,none,none,R,17.2,-5.0,-9.8,-47.8,-32.7
59.538591,89.689555,4409,C1,N4a,N6,SQ3p,Q5n,0.0,0.0,0.0,1.0,-1.0,0.0,C1,none,none,none,R,N4,a,none,none,R,N6,none,none,none,R,Q3,none,p,none,S,Q5,none,n,none,R,17.2,-5.0,-9.8,-47.8,-64.1
247.82398,266.32032,4410,C1,N4a,N6,SQ3p,Q4n,0.0,0.0,0.0,1.0,-1.0,0.0,C1,none,none,none,R,N4,a,none,none,R,N6,none,none,none,R,Q3,none,p,none,S,Q4,none,n,none,R,17.2,-5.0,-9.8,-47.8,-48.3
107.32913,111.75833,4412,C1,N4a,N6,SQ2p,N2,0.0,0.0,0.0,1.0,0.0,1.0,C1,none,none,none,R,N4,a,none,none,R,N6,none,none,none,R,Q2,none,p,none,S,N2,none,none,none,R,17.2,-5.0,-9.8,-43.3,0.5
85.146311,105.37546,4720,C1,N5a,N3r,N1a,Q2,0.0,0.0,0.0,0.0,1.0,1.0,C1,none,none,none,R,N5,a,none,none,R,N3,none,none,r,R,N1,a,none,none,R,Q2,none,none,none,R,17.2,-7.5,-3.6,2.9,-32.7
29.754501,31.036782,4746,C1,N5a,N3r,N4,Q2,0.0,0.0,0.0,0.0,1.0,1.0,C1,none,none,none,R,N5,a,none,none,R,N3,none,none,r,R,N4,none,none,none,R,Q2,none,none,none,R,17.2,-7.5,-3.6,-5.0,-32.7
3.2693094,4.0464995,4800,C1,N5a,N4a,Q2,N3a,0.0,0.0,0.0,1.0,0.0,1.0,C1,none,none,none,R,N5,a,none,none,R,N4,a,none,none,R,Q2,none,none,none,R,N3,a,none,none,R,17.2,-7.5,-5.0,-32.7,-3.6
20.848189,27.46675,4808,C1,N5a,N4a,N1a,SQ4p,0.0,0.0,0.0,0.0,1.0,1.0,C1,none,none,none,R,N5,a,none,none,R,N4,a,none,none,R,N1,a,none,none,R,Q4,none,p,none,S,17.2,-7.5,-5.0,2.9,-59.2
113.60437,138.67514,4811,C1,N5a,N4a,N1a,Q2,0.0,0.0,0.0,0.0,1.0,1.0,C1,none,none,none,R,N5,a,none,none,R,N4,a,none,none,R,N1,a,none,none,R,Q2,none,none,none,R,17.2,-7.5,-5.0,2.9,-32.7
214.313,266.447,4816,C1,N5a,N4a,N3r,Q2,0.0,0.0,0.0,0.0,1.0,1.0,C1,none,none,none,R,N5,a,none,none,R,N4,a,none,none,R,N3,none,none,r,R,Q2,none,none,none,R,17.2,-7.5,-5.0,-3.6,-32.7
194.85755,221.25617,4823,C1,N5a,N4a,N4a,Q2,0.0,0.0,0.0,0.0,1.0,1.0,C1,none,none,none,R,N5,a,none,none,R,N4,a,none,none,R,N4,a,none,none,R,Q2,none,none,none,R,17.2,-7.5,-5.0,-5.0,-32.7
247.30836,296.95431,4832,C1,N5a,N4a,N5a,Q2,0.0,0.0,0.0,0.0,1.0,1.0,C1,none,none,none,R,N5,a,none,none,R,N4,a,none,none,R,N5,a,none,none,R,Q2,none,none,none,R,17.2,-7.5,-5.0,-7.5,-32.7
230.21605,231.79554,4850,C1,N5a,N4a,P2,P4,0.0,0.0,0.0,0.0,0.0,0.0,C1,none,none,none,R,N5,a,none,none,R,N4,a,none,none,R,P2,none,none,none,R,P4,none,none,none,R,17.2,-7.5,-5.0,-13.2,-17.1
136.90338,146.34725,4864,C1,N5a,N4a,N1,Q2,0.0,0.0,0.0,0.0,1.0,1.0,C1,none,none,none,R,N5,a,none,none,R,N4,a,none,none,R,N1,none,none,none,R,Q2,none,none,none,R,17.2,-7.5,-5.0,2.9,-32.7
110.93096,119.28409,4878,C1,N5a,N4a,SQ3p,N3r,0.0,0.0,0.0,1.0,0.0,1.0,C1,none,none,none,R,N5,a,none,none,R,N4,a,none,none,R,Q3,none,p,none,S,N3,none,none,r,R,17.2,-7.5,-5.0,-47.8,-3.6
138.09059,160.08907,4937,C1,N5a,N5a,N1a,Q2,0.0,0.0,0.0,0.0,1.0,1.0,C1,none,none,none,R,N5,a,none,none,R,N5,a,none,none,R,N1,a,none,none,R,Q2,none,none,none,R,17.2,-7.5,-7.5,2.9,-32.7
173.0657,215.70087,4951,C1,N5a,N5a,N4a,SQ3p,0.0,0.0,0.0,0.0,1.0,1.0,C1,none,none,none,R,N5,a,none,none,R,N5,a,none,none,R,N4,a,none,none,R,Q3,none,p,none,S,17.2,-7.5,-7.5,-5.0,-47.8
201.4574,203.54151,4958,C1,N5a,N5a,N5a,Q2,0.0,0.0,0.0,0.0,1.0,1.0,C1,none,none,none,R,N5,a,none,none,R,N5,a,none,none,R,N5,a,none,none,R,Q2,none,none,none,R,17.2,-7.5,-7.5,-7.5,-32.7
159.11045,181.97667,5024,C1,N5a,N4,N1a,Q2,0.0,0.0,0.0,0.0,1.0,1.0,C1,none,none,none,R,N5,a,none,none,R,N4,none,none,none,R,N1,a,none,none,R,Q2,none,none,none,R,17.2,-7.5,-5.0,2.9,-32.7
263.75863,311.08317,5030,C1,N5a,N4,N3r,Q2,0.0,0.0,0.0,0.0,1.0,1.0,C1,none,none,none,R,N5,a,none,none,R,N4,none,none,none,R,N3,none,none,r,R,Q2,none,none,none,R,17.2,-7.5,-5.0,-3.6,-32.7
170.90814,191.88941,5036,C1,N5a,N4,N4a,Q2,0.0,0.0,0.0,0.0,1.0,1.0,C1,none,none,none,R,N5,a,none,none,R,N4,none,none,none,R,N4,a,none,none,R,Q2,none,none,none,R,17.2,-7.5,-5.0,-5.0,-32.7
202.23242,225.90939,5042,C1,N5a,N4,N5a,Q2,0.0,0.0,0.0,0.0,1.0,1.0,C1,none,none,none,R,N5,a,none,none,R,N4,none,none,none,R,N5,a,none,none,R,Q2,none,none,none,R,17.2,-7.5,-5.0,-7.5,-32.7
317.69096,363.43906,5068,C1,N5a,N4,N1,Q2,0.0,0.0,0.0,0.0,1.0,1.0,C1,none,none,none,R,N5,a,none,none,R,N4,none,none,none,R,N1,none,none,none,R,Q2,none,none,none,R,17.2,-7.5,-5.0,2.9,-32.7
403.6492,501.41716,5210,C1,N5a,P2,P4,N3a,0.0,0.0,0.0,0.0,0.0,0.0,C1,none,none,none,R,N5,a,none,none,R,P2,none,none,none,R,P4,none,none,none,R,N3,a,none,none,R,17.2,-7.5,-13.2,-17.1,-3.6
157.73445,169.1174,5213,C1,N5a,P2,N6,P6,0.0,0.0,0.0,0.0,0.0,0.0,C1,none,none,none,R,N5,a,none,none,R,P2,none,none,none,R,N6,none,none,none,R,P6,none,none,none,R,17.2,-7.5,-13.2,-9.8,-27.2
691.17401,866.80919,5266,C1,N5a,P4,N1,P5,0.0,0.0,0.0,0.0,0.0,0.0,C1,none,none,none,R,N5,a,none,none,R,P4,none,none,none,R,N1,none,none,none,R,P5,none,none,none,R,17.2,-7.5,-17.1,2.9,-19.2
16.195502,18.456634,5323,C1,N5a,N6,SQ3p,N3a,0.0,0.0,0.0,1.0,0.0,1.0,C1,none,none,none,R,N5,a,none,none,R,N6,none,none,none,R,Q3,none,p,none,S,N3,a,none,none,R,17.2,-7.5,-9.8,-47.8,-3.6
502.22226,473.6081,5324,C1,N5a,N6,SQ3p,N6,0.0,0.0,0.0,1.0,0.0,1.0,C1,none,none,none,R,N5,a,none,none,R,N6,none,none,none,R,Q3,none,p,none,S,N6,none,none,none,R,17.2,-7.5,-9.8,-47.8,-9.8
45.721335,75.603049,5325,C1,N5a,N6,SQ3p,SQ4p,0.0,0.0,0.0,1.0,1.0,2.0,C1,none,none,none,R,N5,a,none,none,R,N6,none,none,none,R,Q3,none,p,none,S,Q4,none,p,none,S,17.2,-7.5,-9.8,-47.8,-59.2
102.08406,102.24828,5345,C1,N5a,N6,SQ2p,N6,0.0,0.0,0.0,1.0,0.0,1.0,C1,none,none,none,R,N5,a,none,none,R,N6,none,none,none,R,Q2,none,p,none,S,N6,none,none,none,R,17.2,-7.5,-9.8,-43.3,-9.8
129.9114,124.77557,5359,C1,N5a,N6,Q2,Q1,0.0,0.0,0.0,1.0,1.0,2.0,C1,none,none,none,R,N5,a,none,none,R,N6,none,none,none,R,Q2,none,none,none,R,Q1,none,none,none,R,17.2,-7.5,-9.8,-32.7,-24.2
143.14836,139.32107,5370,C1,N5a,N6,Q2,N6,0.0,0.0,0.0,1.0,0.0,1.0,C1,none,none,none,R,N5,a,none,none,R,N6,none,none,none,R,Q2,none,none,none,R,N6,none,none,none,R,17.2,-7.5,-9.8,-32.7,-9.8
82.287869,84.120827,5399,C1,N5a,N6,N2,Q2,0.0,0.0,0.0,0.0,1.0,1.0,C1,none,none,none,R,N5,a,none,none,R,N6,none,none,none,R,N2,none,none,none,R,Q2,none,none,none,R,17.2,-7.5,-9.8,0.5,-32.7
118.35883,138.99769,5407,C1,N5a,N6,N1a,P6,0.0,0.0,0.0,0.0,0.0,0.0,C1,none,none,none,R,N5,a,none,none,R,N6,none,none,none,R,N1,a,none,none,R,P6,none,none,none,R,17.2,-7.5,-9.8,2.9,-27.2
236.65344,276.50136,5418,C1,N5a,N6,N4a,P5,0.0,0.0,0.0,0.0,0.0,0.0,C1,none,none,none,R,N5,a,none,none,R,N6,none,none,none,R,N4,a,none,none,R,P5,none,none,none,R,17.2,-7.5,-9.8,-5.0,-19.2
1.9593589,2.4489513,5421,C1,N5a,N6,N4a,Q4n,0.0,0.0,0.0,0.0,-1.0,-1.0,C1,none,none,none,R,N5,a,none,none,R,N6,none,none,none,R,N4,a,none,none,R,Q4,none,n,none,R,17.2,-7.5,-9.8,-5.0,-48.3
301.31147,304.29846,5427,C1,N5a,N6,N4a,SQ2p,0.0,0.0,0.0,0.0,1.0,1.0,C1,none,none,none,R,N5,a,none,none,R,N6,none,none,none,R,N4,a,none,none,R,Q2,none,p,none,S,17.2,-7.5,-9.8,-5.0,-43.3
290.9122,329.05343,5438,C1,N5a,N6,N5a,P4,0.0,0.0,0.0,0.0,0.0,0.0,C1,none,none,none,R,N5,a,none,none,R,N6,none,none,none,R,N5,a,none,none,R,P4,none,none,none,R,17.2,-7.5,-9.8,-7.5,-17.1
561.33338,650.60932,5470,C1,N5a,N6,P2,N6,0.0,0.0,0.0,0.0,0.0,0.0,C1,none,none,none,R,N5,a,none,none,R,N6,none,none,none,R,P2,none,none,none,R,N6,none,none,none,R,17.2,-7.5,-9.8,-13.2,-9.8
620.52344,751.70937,5475,C1,N5a,N6,P4,P1,0.0,0.0,0.0,0.0,0.0,0.0,C1,none,none,none,R,N5,a,none,none,R,N6,none,none,none,R,P4,none,none,none,R,P1,none,none,none,R,17.2,-7.5,-9.8,-17.1,-11.1
339.67378,368.13316,5485,C1,N5a,N6,P4,Q1,0.0,0.0,0.0,0.0,1.0,1.0,C1,none,none,none,R,N5,a,none,none,R,N6,none,none,none,R,P4,none,none,none,R,Q1,none,none,none,R,17.2,-7.5,-9.8,-17.1,-24.2
168.88623,193.83252,5508,C1,N5a,N6,N1,Q2,0.0,0.0,0.0,0.0,1.0,1.0,C1,none,none,none,R,N5,a,none,none,R,N6,none,none,none,R,N1,none,none,none,R,Q2,none,none,none,R,17.2,-7.5,-9.8,2.9,-32.7
4.7798914,5.3109652,5517,C1,N5a,N6,N6,P2,0.0,0.0,0.0,0.0,0.0,0.0,C1,none,none,none,R,N5,a,none,none,R,N6,none,none,none,R,N6,none,none,none,R,P2,none,none,none,R,17.2,-7.5,-9.8,-9.8,-13.2
-0.88636412,-1.0293659,5584,C1,N4,Q2,N3r,N4a,0.0,0.0,1.0,0.0,0.0,1.0,C1,none,none,none,R,N4,none,none,none,R,Q2,none,none,none,R,N3,none,none,r,R,N4,a,none,none,R,17.2,-5.0,-32.7,-3.6,-5.0
-0.8530921,-1.0903704,5587,C1,N4,Q2,N4a,N2ah,0.0,0.0,1.0,0.0,0.0,1.0,C1,none,none,none,R,N4,none,none,none,R,Q2,none,none,none,R,N4,a,none,none,R,N2,a,none,h,R,17.2,-5.0,-32.7,-5.0,0.5
-0.13033748,-0.16213941,5637,C1,N4,Q2,N6,N5a,0.0,0.0,1.0,0.0,0.0,1.0,C1,none,none,none,R,N4,none,none,none,R,Q2,none,none,none,R,N6,none,none,none,R,N5,a,none,none,R,17.2,-5.0,-32.7,-9.8,-7.5
-0.58607133,-0.71123435,5654,C1,N4,Q2,N6,N6,0.0,0.0,1.0,0.0,0.0,1.0,C1,none,none,none,R,N4,none,none,none,R,Q2,none,none,none,R,N6,none,none,none,R,N6,none,none,none,R,17.2,-5.0,-32.7,-9.8,-9.8
65.11418,82.761357,5704,C1,N4,N1a,Q2,N6,0.0,0.0,0.0,1.0,0.0,1.0,C1,none,none,none,R,N4,none,none,none,R,N1,a,none,none,R,Q2,none,none,none,R,N6,none,none,none,R,17.2,-5.0,2.9,-32.7,-9.8
24.665839,30.721912,5712,C1,N4,N1a,Q2,N5a,0.0,0.0,0.0,1.0,0.0,1.0,C1,none,none,none,R,N4,none,none,none,R,N1,a,none,none,R,Q2,none,none,none,R,N5,a,none,none,R,17.2,-5.0,2.9,-32.7,-7.5
5.8477838,6.6318817,5715,C1,N4,N1a,N4a,Q4n,0.0,0.0,0.0,0.0,-1.0,-1.0,C1,none,none,none,R,N4,none,none,none,R,N1,a,none,none,R,N4,a,none,none,R,Q4,none,n,none,R,17.2,-5.0,2.9,-5.0,-48.3
2.1732567,2.5681755,5733,C1,N4,N3r,Q2,N3a,0.0,0.0,0.0,1.0,0.0,1.0,C1,none,none,none,R,N4,none,none,none,R,N3,none,none,r,R,Q2,none,none,none,R,N3,a,none,none,R,17.2,-5.0,-3.6,-32.7,-3.6
180.36494,206.17055,5756,C1,N4,N3r,N1,Q5n,0.0,0.0,0.0,0.0,-1.0,-1.0,C1,none,none,none,R,N4,none,none,none,R,N3,none,none,r,R,N1,none,none,none,R,Q5,none,n,none,R,17.2,-5.0,-3.6,2.9,-64.1
331.68914,394.74118,5846,C1,N4,N4a,P2,P4,0.0,0.0,0.0,0.0,0.0,0.0,C1,none,none,none,R,N4,none,none,none,R,N4,a,none,none,R,P2,none,none,none,R,P4,none,none,none,R,17.2,-5.0,-5.0,-13.2,-17.1
582.91976,716.12953,5859,C1,N4,N4a,N1,Q4n,0.0,0.0,0.0,0.0,-1.0,-1.0,C1,none,none,none,R,N4,none,none,none,R,N4,a,none,none,R,N1,none,none,none,R,Q4,none,n,none,R,17.2,-5.0,-5.0,2.9,-48.3
0.13303147,0.16344746,5884,C1,N4,N5a,Q2,N1a,0.0,0.0,0.0,1.0,0.0,1.0,C1,none,none,none,R,N4,none,none,none,R,N5,a,none,none,R,Q2,none,none,none,R,N1,a,none,none,R,17.2,-5.0,-7.5,-32.7,2.9
208.29445,205.87178,5999,C1,N4,N4,N1,Q5n,0.0,0.0,0.0,0.0,-1.0,-1.0,C1,none,none,none,R,N4,none,none,none,R,N4,none,none,none,R,N1,none,none,none,R,Q5,none,n,none,R,17.2,-5.0,-5.0,2.9,-64.1
425.61415,528.62927,6047,C1,N4,P2,P2,N6,0.0,0.0,0.0,0.0,0.0,0.0,C1,none,none,none,R,N4,none,none,none,R,P2,none,none,none,R,P2,none,none,none,R,N6,none,none,none,R,17.2,-5.0,-13.2,-13.2,-9.8
517.4166,643.71296,6120,C1,N4,P4,P4,N6,0.0,0.0,0.0,0.0,0.0,0.0,C1,none,none,none,R,N4,none,none,none,R,P4,none,none,none,R,P4,none,none,none,R,N6,none,none,none,R,17.2,-5.0,-17.1,-17.1,-9.8
0.407285,0.46291916,6133,C1,N4,N1,SQ2p,N6,0.0,0.0,0.0,1.0,0.0,1.0,C1,none,none,none,R,N4,none,none,none,R,N1,none,none,none,R,Q2,none,p,none,S,N6,none,none,none,R,17.2,-5.0,2.9,-43.3,-9.8
159.91069,146.07273,6182,C1,N4,N6,SQ2p,N6,0.0,0.0,0.0,1.0,0.0,1.0,C1,none,none,none,R,N4,none,none,none,R,N6,none,none,none,R,Q2,none,p,none,S,N6,none,none,none,R,17.2,-5.0,-9.8,-43.3,-9.8
28.474537,36.180421,6222,C1,N4,N6,N1a,SQ4p,0.0,0.0,0.0,0.0,1.0,1.0,C1,none,none,none,R,N4,none,none,none,R,N6,none,none,none,R,N1,a,none,none,R,Q4,none,p,none,S,17.2,-5.0,-9.8,2.9,-59.2
408.01956,478.49293,6234,C1,N4,N6,N3r,Q2,0.0,0.0,0.0,0.0,1.0,1.0,C1,none,none,none,R,N4,none,none,none,R,N6,none,none,none,R,N3,none,none,r,R,Q2,none,none,none,R,17.2,-5.0,-9.8,-3.6,-32.7
242.9615,252.44295,6253,C1,N4,N6,N5a,Q2,0.0,0.0,0.0,0.0,1.0,1.0,C1,none,none,none,R,N4,none,none,none,R,N6,none,none,none,R,N5,a,none,none,R,Q2,none,none,none,R,17.2,-5.0,-9.8,-7.5,-32.7
494.40545,562.15523,6271,C1,N4,N6,N3a,Q2,0.0,0.0,0.0,0.0,1.0,1.0,C1,none,none,none,R,N4,none,none,none,R,N6,none,none,none,R,N3,a,none,none,R,Q2,none,none,none,R,17.2,-5.0,-9.8,-3.6,-32.7
967.62043,1148.5572,6283,C1,N4,N6,P2,P4,0.0,0.0,0.0,0.0,0.0,0.0,C1,none,none,none,R,N4,none,none,none,R,N6,none,none,none,R,P2,none,none,none,R,P4,none,none,none,R,17.2,-5.0,-9.8,-13.2,-17.1
534.69668,637.76523,6305,C1,N4,N6,N1,Q2,0.0,0.0,0.0,0.0,1.0,1.0,C1,none,none,none,R,N4,none,none,none,R,N6,none,none,none,R,N1,none,none,none,R,Q2,none,none,none,R,17.2,-5.0,-9.8,2.9,-32.7
0.23157743,0.26950255,6334,C1,N3a,SQ3p,N6,N3a,0.0,0.0,1.0,0.0,0.0,1.0,C1,none,none,none,R,N3,a,none,none,R,Q3,none,p,none,S,N6,none,none,none,R,N3,a,none,none,R,17.2,-3.6,-47.8,-9.8,-3.6
-0.93223917,-1.1262581,6383,C1,N3a,Q2,N5a,P2,0.0,0.0,1.0,0.0,0.0,1.0,C1,none,none,none,R,N3,a,none,none,R,Q2,none,none,none,R,N5,a,none,none,R,P2,none,none,none,R,17.2,-3.6,-32.7,-7.5,-13.2
-0.85520525,-0.95172178,6415,C1,N3a,Q2,N6,N3r,0.0,0.0,1.0,0.0,0.0,1.0,C1,none,none,none,R,N3,a,none,none,R,Q2,none,none,none,R,N6,none,none,none,R,N3,none,none,r,R,17.2,-3.6,-32.7,-9.8,-3.6
5.086588,5.763763,6479,C1,N3a,N3r,N4a,Q5n,0.0,0.0,0.0,0.0,-1.0,-1.0,C1,none,none,none,R,N3,a,none,none,R,N3,none,none,r,R,N4,a,none,none,R,Q5,none,n,none,R,17.2,-3.6,-3.6,-5.0,-64.1
168.60624,187.45039,6525,C1,N3a,N4a,N1a,Q4n,0.0,0.0,0.0,0.0,-1.0,-1.0,C1,none,none,none,R,N3,a,none,none,R,N4,a,none,none,R,N1,a,none,none,R,Q4,none,n,none,R,17.2,-3.6,-5.0,2.9,-48.3
156.93432,197.98048,6546,C1,N3a,N4a,N5a,Q2,0.0,0.0,0.0,0.0,1.0,1.0,C1,none,none,none,R,N3,a,none,none,R,N4,a,none,none,R,N5,a,none,none,R,Q2,none,none,none,R,17.2,-3.6,-5.0,-7.5,-32.7
371.97618,424.0682,6556,C1,N3a,N4a,P2,Q2,0.0,0.0,0.0,0.0,1.0,1.0,C1,none,none,none,R,N3,a,none,none,R,N4,a,none,none,R,P2,none,none,none,R,Q2,none,none,none,R,17.2,-3.6,-5.0,-13.2,-32.7
267.15596,286.89833,6568,C1,N3a,N4a,N1,Q4n,0.0,0.0,0.0,0.0,-1.0,-1.0,C1,none,none,none,R,N3,a,none,none,R,N4,a,none,none,R,N1,none,none,none,R,Q4,none,n,none,R,17.2,-3.6,-5.0,2.9,-48.3
96.792723,97.700809,6602,C1,N3a,N5a,N1a,Q2,0.0,0.0,0.0,0.0,1.0,1.0,C1,none,none,none,R,N3,a,none,none,R,N5,a,none,none,R,N1,a,none,none,R,Q2,none,none,none,R,17.2,-3.6,-7.5,2.9,-32.7
148.48778,178.46972,6608,C1,N3a,N5a,N4a,Q1,0.0,0.0,0.0,0.0,1.0,1.0,C1,none,none,none,R,N3,a,none,none,R,N5,a,none,none,R,N4,a,none,none,R,Q1,none,none,none,R,17.2,-3.6,-7.5,-5.0,-24.2
10.050874,10.763357,6648,C1,N3a,N5a,N6,SQ2p,0.0,0.0,0.0,0.0,1.0,1.0,C1,none,none,none,R,N3,a,none,none,R,N5,a,none,none,R,N6,none,none,none,R,Q2,none,p,none,S,17.2,-3.6,-7.5,-9.8,-43.3
530.5793,650.67378,6661,C1,N3a,N4,P4,P3a,0.0,0.0,0.0,0.0,0.0,0.0,C1,none,none,none,R,N3,a,none,none,R,N4,none,none,none,R,P4,none,none,none,R,P3,a,none,none,R,17.2,-3.6,-5.0,-17.1,-15.0
248.88516,271.69055,6696,C1,N3a,P2,P4,N6,0.0,0.0,0.0,0.0,0.0,0.0,C1,none,none,none,R,N3,a,none,none,R,P2,none,none,none,R,P4,none,none,none,R,N6,none,none,none,R,17.2,-3.6,-13.2,-17.1,-9.8
431.33391,534.5029,6725,C1,N3a,P4,P4,N6,0.0,0.0,0.0,0.0,0.0,0.0,C1,none,none,none,R,N3,a,none,none,R,P4,none,none,none,R,P4,none,none,none,R,N6,none,none,none,R,17.2,-3.6,-17.1,-17.1,-9.8
358.98987,390.40122,6769,C1,N3a,N6,SQ2p,N6,0.0,0.0,0.0,1.0,0.0,1.0,C1,none,none,none,R,N3,a,none,none,R,N6,none,none,none,R,Q2,none,p,none,S,N6,none,none,none,R,17.2,-3.6,-9.8,-43.3,-9.8
126.14703,145.26633,6811,C1,N3a,N6,N1a,Q4n,0.0,0.0,0.0,0.0,-1.0,-1.0,C1,none,none,none,R,N3,a,none,none,R,N6,none,none,none,R,N1,a,none,none,R,Q4,none,n,none,R,17.2,-3.6,-9.8,2.9,-48.3
227.54282,251.32644,6820,C1,N3a,N6,N3r,Q2,0.0,0.0,0.0,0.0,1.0,1.0,C1,none,none,none,R,N3,a,none,none,R,N6,none,none,none,R,N3,none,none,r,R,Q2,none,none,none,R,17.2,-3.6,-9.8,-3.6,-32.7
117.26772,120.47066,6829,C1,N3a,N6,N4a,SQ2p,0.0,0.0,0.0,0.0,1.0,1.0,C1,none,none,none,R,N3,a,none,none,R,N6,none,none,none,R,N4,a,none,none,R,Q2,none,p,none,S,17.2,-3.6,-9.8,-5.0,-43.3
223.40267,228.54759,6839,C1,N3a,N6,N5a,Q2,0.0,0.0,0.0,0.0,1.0,1.0,C1,none,none,none,R,N3,a,none,none,R,N6,none,none,none,R,N5,a,none,none,R,Q2,none,none,none,R,17.2,-3.6,-9.8,-7.5,-32.7
90.203497,100.6892,6864,C1,N3a,N6,P2,P4,0.0,0.0,0.0,0.0,0.0,0.0,C1,none,none,none,R,N3,a,none,none,R,N6,none,none,none,R,P2,none,none,none,R,P4,none,none,none,R,17.2,-3.6,-9.8,-13.2,-17.1
114.1371,134.33528,6865,C1,N3a,N6,P2,SQ4p,0.0,0.0,0.0,0.0,1.0,1.0,C1,none,none,none,R,N3,a,none,none,R,N6,none,none,none,R,P2,none,none,none,R,Q4,none,p,none,S,17.2,-3.6,-9.8,-13.2,-59.2
442.83971,499.46495,6882,C1,N3a,N6,N1,Q2,0.0,0.0,0.0,0.0,1.0,1.0,C1,none,none,none,R,N3,a,none,none,R,N6,none,none,none,R,N1,none,none,none,R,Q2,none,none,none,R,17.2,-3.6,-9.8,2.9,-32.7
102.51983,117.37623,6884,C1,N3a,N6,N6,Q5n,0.0,0.0,0.0,0.0,-1.0,-1.0,C1,none,none,none,R,N3,a,none,none,R,N6,none,none,none,R,N6,none,none,none,R,Q5,none,n,none,R,17.2,-3.6,-9.8,-9.8,-64.1
393.8767,441.38236,7009,C1,P2,N4a,P4,N6,0.0,0.0,0.0,0.0,0.0,0.0,C1,none,none,none,R,P2,none,none,none,R,N4,a,none,none,R,P4,none,none,none,R,N6,none,none,none,R,17.2,-13.2,-5.0,-17.1,-9.8
-0.43976868,-0.65069906,7198,C1,P2,N6,N4a,P3,0.0,0.0,0.0,0.0,0.0,0.0,C1,none,none,none,R,P2,none,none,none,R,N6,none,none,none,R,N4,a,none,none,R,P3,none,none,none,R,17.2,-13.2,-9.8,-5.0,-15.0
274.98223,327.22365,7219,C1,P2,N6,N5a,N6,0.0,0.0,0.0,0.0,0.0,0.0,C1,none,none,none,R,P2,none,none,none,R,N6,none,none,none,R,N5,a,none,none,R,N6,none,none,none,R,17.2,-13.2,-9.8,-7.5,-9.8
0.0005624322,0.00095687964,7254,C1,P2,N6,P4,P3a,0.0,0.0,0.0,0.0,0.0,0.0,C1,none,none,none,R,P2,none,none,none,R,N6,none,none,none,R,P4,none,none,none,R,P3,a,none,none,R,17.2,-13.2,-9.8,-17.1,-15.0
476.01238,546.28386,7260,C1,P2,N6,P4,N6,0.0,0.0,0.0,0.0,0.0,0.0,C1,none,none,none,R,P2,none,none,none,R,N6,none,none,none,R,P4,none,none,none,R,N6,none,none,none,R,17.2,-13.2,-9.8,-17.1,-9.8
-0.28200912,-0.48030361,7792,C1,P4,N6,N4a,P3a,0.0,0.0,0.0,0.0,0.0,0.0,C1,none,none,none,R,P4,none,none,none,R,N6,none,none,none,R,N4,a,none,none,R,P3,a,none,none,R,17.2,-17.1,-9.8,-5.0,-15.0
468.45546,562.32734,7842,C1,P4,N6,N3a,N6,0.0,0.0,0.0,0.0,0.0,0.0,C1,none,none,none,R,P4,none,none,none,R,N6,none,none,none,R,N3,a,none,none,R,N6,none,none,none,R,17.2,-17.1,-9.8,-3.6,-9.8
209.98699,234.76079,8037,C1,N1,N4a,N4,Q5n,0.0,0.0,0.0,0.0,-1.0,-1.0,C1,none,none,none,R,N1,none,none,none,R,N4,a,none,none,R,N4,none,none,none,R,Q5,none,n,none,R,17.2,2.9,-5.0,-5.0,-64.1
192.19535,211.21256,8039,C1,N1,N4a,P2,Q5n,0.0,0.0,0.0,0.0,-1.0,-1.0,C1,none,none,none,R,N1,none,none,none,R,N4,a,none,none,R,P2,none,none,none,R,Q5,none,n,none,R,17.2,2.9,-5.0,-13.2,-64.1
280.57694,284.67999,8046,C1,N1,N4a,Q2,P3,0.0,0.0,0.0,1.0,0.0,1.0,C1,none,none,none,R,N1,none,none,none,R,N4,a,none,none,R,Q2,none,none,none,R,P3,none,none,none,R,17.2,2.9,-5.0,-32.7,-15.0
160.50649,180.65459,8057,C1,N1,N5a,Q2,N6,0.0,0.0,0.0,1.0,0.0,1.0,C1,none,none,none,R,N1,none,none,none,R,N5,a,none,none,R,Q2,none,none,none,R,N6,none,none,none,R,17.2,2.9,-7.5,-32.7,-9.8
310.21545,361.02346,8119,C1,N1,N6,N3r,Q2,0.0,0.0,0.0,0.0,1.0,1.0,C1,none,none,none,R,N1,none,none,none,R,N6,none,none,none,R,N3,none,none,r,R,Q2,none,none,none,R,17.2,2.9,-9.8,-3.6,-32.7
229.86179,264.25581,8129,C1,N1,N6,N5a,Q2,0.0,0.0,0.0,0.0,1.0,1.0,C1,none,none,none,R,N1,none,none,none,R,N6,none,none,none,R,N5,a,none,none,R,Q2,none,none,none,R,17.2,2.9,-9.8,-7.5,-32.7
183.7182,204.37203,8139,C1,N1,N6,N3a,Q2,0.0,0.0,0.0,0.0,1.0,1.0,C1,none,none,none,R,N1,none,none,none,R,N6,none,none,none,R,N3,a,none,none,R,Q2,none,none,none,R,17.2,2.9,-9.8,-3.6,-32.7
225.89704,230.41464,8143,C1,N1,N6,P4,P5,0.0,0.0,0.0,0.0,0.0,0.0,C1,none,none,none,R,N1,none,none,none,R,N6,none,none,none,R,P4,none,none,none,R,P5,none,none,none,R,17.2,2.9,-9.8,-17.1,-19.2
1.1906437,1.6034273,8172,C1,N6,SQ3p,N3r,N3a,0.0,0.0,1.0,0.0,0.0,1.0,C1,none,none,none,R,N6,none,none,none,R,Q3,none,p,none,S,N3,none,none,r,R,N3,a,none,none,R,17.2,-9.8,-47.8,-3.6,-3.6
-0.47925496,-0.55660301,8212,C1,N6,SQ3p,N4,N4,0.0,0.0,1.0,0.0,0.0,1.0,C1,none,none,none,R,N6,none,none,none,R,Q3,none,p,none,S,N4,none,none,none,R,N4,none,none,none,R,17.2,-9.8,-47.8,-5.0,-5.0
1.188619,1.5688484,8240,C1,N6,SQ3p,N6,N5a,0.0,0.0,1.0,0.0,0.0,1.0,C1,none,none,none,R,N6,none,none,none,R,Q3,none,p,none,S,N6,none,none,none,R,N5,a,none,none,R,17.2,-9.8,-47.8,-9.8,-7.5
2.9737633,3.8886471,8250,C1,N6,SQ3p,N6,N1a,0.0,0.0,1.0,0.0,0.0,1.0,C1,none,none,none,R,N6,none,none,none,R,Q3,none,p,none,S,N6,none,none,none,R,N1,a,none,none,R,17.2,-9.8,-47.8,-9.8,2.9
-0.084565824,-0.10366684,8267,C1,N6,SQ3p,N2,N3a,0.0,0.0,1.0,0.0,0.0,1.0,C1,none,none,none,R,N6,none,none,none,R,Q3,none,p,none,S,N2,none,none,none,R,N3,a,none,none,R,17.2,-9.8,-47.8,0.5,-3.6
223.36168,222.0502,8280,C1,N6,SQ3p,N3r,N1,0.0,0.0,1.0,0.0,0.0,1.0,C1,none,none,none,R,N6,none,none,none,R,Q3,none,p,none,S,N3,none,none,r,R,N1,none,none,none,R,17.2,-9.8,-47.8,-3.6,2.9
17.303134,26.732398,8281,C1,N6,SQ3p,N4a,SQ4p,0.0,0.0,1.0,0.0,1.0,2.0,C1,none,none,none,R,N6,none,none,none,R,Q3,none,p,none,S,N4,a,none,none,R,Q4,none,p,none,S,17.2,-9.8,-47.8,-5.0,-59.2
138.30447,129.61777,8327,C1,N6,SQ3p,N1,N6,0.0,0.0,1.0,0.0,0.0,1.0,C1,none,none,none,R,N6,none,none,none,R,Q3,none,p,none,S,N1,none,none,none,R,N6,none,none,none,R,17.2,-9.8,-47.8,2.9,-9.8
8.7475786,15.13372,8328,C1,N6,SQ3p,N6,SQ4p,0.0,0.0,1.0,0.0,1.0,2.0,C1,none,none,none,R,N6,none,none,none,R,Q3,none,p,none,S,N6,none,none,none,R,Q4,none,p,none,S,17.2,-9.8,-47.8,-9.8,-59.2
14.352993,24.527974,8329,C1,N6,SQ3p,N6,Q5n,0.0,0.0,1.0,0.0,-1.0,0.0,C1,none,none,none,R,N6,none,none,none,R,Q3,none,p,none,S,N6,none,none,none,R,Q5,none,n,none,R,17.2,-9.8,-47.8,-9.8,-64.1
0.11038596,0.12014816,8435,C1,N6,SQ2p,N6,N1,0.0,0.0,1.0,0.0,0.0,1.0,C1,none,none,none,R,N6,none,none,none,R,Q2,none,p,none,S,N6,none,none,none,R,N1,none,none,none,R,17.2,-9.8,-43.3,-9.8,2.9
105.60761,96.909003,8461,C1,N6,Q2,Q1,N6,0.0,0.0,1.0,1.0,0.0,2.0,C1,none,none,none,R,N6,none,none,none,R,Q2,none,none,none,R,Q1,none,none,none,R,N6,none,none,none,R,17.2,-9.8,-32.7,-24.2,-9.8
-0.99212045,-1.1461146,8493,C1,N6,Q2,N1a,N3a,0.0,0.0,1.0,0.0,0.0,1.0,C1,none,none,none,R,N6,none,none,none,R,Q2,none,none,none,R,N1,a,none,none,R,N3,a,none,none,R,17.2,-9.8,-32.7,2.9,-3.6
191.62068,185.83079,8494,C1,N6,Q2,N1a,N6,0.0,0.0,1.0,0.0,0.0,1.0,C1,none,none,none,R,N6,none,none,none,R,Q2,none,none,none,R,N1,a,none,none,R,N6,none,none,none,R,17.2,-9.8,-32.7,2.9,-9.8
406.56027,440.61372,8500,C1,N6,Q2,N1a,P4,0.0,0.0,1.0,0.0,0.0,1.0,C1,none,none,none,R,N6,none,none,none,R,Q2,none,none,none,R,N1,a,none,none,R,P4,none,none,none,R,17.2,-9.8,-32.7,2.9,-17.1
181.17331,173.90987,8537,C1,N6,Q2,N4a,N6,0.0,0.0,1.0,0.0,0.0,1.0,C1,none,none,none,R,N6,none,none,none,R,Q2,none,none,none,R,N4,a,none,none,R,N6,none,none,none,R,17.2,-9.8,-32.7,-5.0,-9.8
143.03995,141.80848,8546,C1,N6,Q2,N4a,N1,0.0,0.0,1.0,0.0,0.0,1.0,C1,none,none,none,R,N6,none,none,none,R,Q2,none,none,none,R,N4,a,none,none,R,N1,none,none,none,R,17.2,-9.8,-32.7,-5.0,2.9
170.06549,152.68812,8569,C1,N6,Q2,N5a,N6,0.0,0.0,1.0,0.0,0.0,1.0,C1,none,none,none,R,N6,none,none,none,R,Q2,none,none,none,R,N5,a,none,none,R,N6,none,none,none,R,17.2,-9.8,-32.7,-7.5,-9.8
98.210011,94.346216,8592,C1,N6,Q2,N4,N6,0.0,0.0,1.0,0.0,0.0,1.0,C1,none,none,none,R,N6,none,none,none,R,Q2,none,none,none,R,N4,none,none,none,R,N6,none,none,none,R,17.2,-9.8,-32.7,-5.0,-9.8
0.60955444,0.79278499,8631,C1,N6,Q2,P2,N4a,0.0,0.0,1.0,0.0,0.0,1.0,C1,none,none,none,R,N6,none,none,none,R,Q2,none,none,none,R,P2,none,none,none,R,N4,a,none,none,R,17.2,-9.8,-32.7,-13.2,-5.0
-1.2394536,-1.317211,8664,C1,N6,Q2,N1,Q1,0.0,0.0,1.0,0.0,1.0,2.0,C1,none,none,none,R,N6,none,none,none,R,Q2,none,none,none,R,N1,none,none,none,R,Q1,none,none,none,R,17.2,-9.8,-32.7,2.9,-24.2
113.67668,107.62328,8670,C1,N6,Q2,N1,N6,0.0,0.0,1.0,0.0,0.0,1.0,C1,none,none,none,R,N6,none,none,none,R,Q2,none,none,none,R,N1,none,none,none,R,N6,none,none,none,R,17.2,-9.8,-32.7,2.9,-9.8
0.75854943,0.88024447,8691,C1,N6,Q2,N6,N3a,0.0,0.0,1.0,0.0,0.0,1.0,C1,none,none,none,R,N6,none,none,none,R,Q2,none,none,none,R,N6,none,none,none,R,N3,a,none,none,R,17.2,-9.8,-32.7,-9.8,-3.6
70.156763,68.236383,8818,C1,N6,Q1,N1,N6,0.0,0.0,1.0,0.0,0.0,1.0,C1,none,none,none,R,N6,none,none,none,R,Q1,none,none,none,R,N1,none,none,none,R,N6,none,none,none,R,17.2,-9.8,-24.2,2.9,-9.8
55.521294,52.499188,8865,C1,N6,N2,SQ2p,N6,0.0,0.0,0.0,1.0,0.0,1.0,C1,none,none,none,R,N6,none,none,none,R,N2,none,none,none,R,Q2,none,p,none,S,N6,none,none,none,R,17.2,-9.8,0.5,-43.3,-9.8
127.71816,146.20354,8942,C1,N6,N2,P2,Q2,0.0,0.0,0.0,0.0,1.0,1.0,C1,none,none,none,R,N6,none,none,none,R,N2,none,none,none,R,P2,none,none,none,R,Q2,none,none,none,R,17.2,-9.8,0.5,-13.2,-32.7
12.637215,14.557591,8987,C1,N6,N1a,N1a,SQ4p,0.0,0.0,0.0,0.0,1.0,1.0,C1,none,none,none,R,N6,none,none,none,R,N1,a,none,none,R,N1,a,none,none,R,Q4,none,p,none,S,17.2,-9.8,2.9,2.9,-59.2
22.320135,25.740754,9023,C1,N6,N1a,N6,Q2,0.0,0.0,0.0,0.0,1.0,1.0,C1,none,none,none,R,N6,none,none,none,R,N1,a,none,none,R,N6,none,none,none,R,Q2,none,none,none,R,17.2,-9.8,2.9,-9.8,-32.7
332.29239,394.86531,9027,C1,N6,N1a,Q1,P5,0.0,0.0,0.0,1.0,0.0,1.0,C1,none,none,none,R,N6,none,none,none,R,N1,a,none,none,R,Q1,none,none,none,R,P5,none,none,none,R,17.2,-9.8,2.9,-24.2,-19.2
699.69817,777.3878,9071,C1,N6,N1a,N1,SQ4p,0.0,0.0,0.0,0.0,1.0,1.0,C1,none,none,none,R,N6,none,none,none,R,N1,a,none,none,R,N1,none,none,none,R,Q4,none,p,none,S,17.2,-9.8,2.9,2.9,-59.2
55.619784,93.731197,9073,C1,N6,N3r,SQ3p,Q5n,0.0,0.0,0.0,1.0,-1.0,0.0,C1,none,none,none,R,N6,none,none,none,R,N3,none,none,r,R,Q3,none,p,none,S,Q5,none,n,none,R,17.2,-9.8,-3.6,-47.8,-64.1
354.87664,350.83598,9094,C1,N6,N3r,SQ3p,N1,0.0,0.0,0.0,1.0,0.0,1.0,C1,none,none,none,R,N6,none,none,none,R,N3,none,none,r,R,Q3,none,p,none,S,N1,none,none,none,R,17.2,-9.8,-3.6,-47.8,2.9
47.386667,75.505246,9095,C1,N6,N3r,SQ2p,SQ4p,0.0,0.0,0.0,1.0,1.0,2.0,C1,none,none,none,R,N6,none,none,none,R,N3,none,none,r,R,Q2,none,p,none,S,Q4,none,p,none,S,17.2,-9.8,-3.6,-43.3,-59.2
55.170515,88.558363,9096,C1,N6,N3r,SQ2p,Q5n,0.0,0.0,0.0,1.0,-1.0,0.0,C1,none,none,none,R,N6,none,none,none,R,N3,none,none,r,R,Q2,none,p,none,S,Q5,none,n,none,R,17.2,-9.8,-3.6,-43.3,-64.1
43.531251,42.346515,9116,C1,N6,N3r,SQ2p,N6,0.0,0.0,0.0,1.0,0.0,1.0,C1,none,none,none,R,N6,none,none,none,R,N3,none,none,r,R,Q2,none,p,none,S,N6,none,none,none,R,17.2,-9.8,-3.6,-43.3,-9.8
33.2533,41.883892,9267,C1,N6,N3r,N6,SQ4p,0.0,0.0,0.0,0.0,1.0,1.0,C1,none,none,none,R,N6,none,none,none,R,N3,none,none,r,R,N6,none,none,none,R,Q4,none,p,none,S,17.2,-9.8,-3.6,-9.8,-59.2
222.2254,252.43111,9323,C1,N6,N4a,N5a,Q2,0.0,0.0,0.0,0.0,1.0,1.0,C1,none,none,none,R,N6,none,none,none,R,N4,a,none,none,R,N5,a,none,none,R,Q2,none,none,none,R,17.2,-9.8,-5.0,-7.5,-32.7
187.17811,201.62258,9332,C1,N6,N4a,N3a,Q2,0.0,0.0,0.0,0.0,1.0,1.0,C1,none,none,none,R,N6,none,none,none,R,N4,a,none,none,R,N3,a,none,none,R,Q2,none,none,none,R,17.2,-9.8,-5.0,-3.6,-32.7
332.65136,382.87279,9350,C1,N6,N4a,N1,Q5n,0.0,0.0,0.0,0.0,-1.0,-1.0,C1,none,none,none,R,N6,none,none,none,R,N4,a,none,none,R,N1,none,none,none,R,Q5,none,n,none,R,17.2,-9.8,-5.0,2.9,-64.1
392.23798,408.45365,9356,C1,N6,N4a,N6,P4,0.0,0.0,0.0,0.0,0.0,0.0,C1,none,none,none,R,N6,none,none,none,R,N4,a,none,none,R,N6,none,none,none,R,P4,none,none,none,R,17.2,-9.8,-5.0,-9.8,-17.1
323.07312,335.8095,9374,C1,N6,N4a,SQ3p,N1,0.0,0.0,0.0,1.0,0.0,1.0,C1,none,none,none,R,N6,none,none,none,R,N4,a,none,none,R,Q3,none,p,none,S,N1,none,none,none,R,17.2,-9.8,-5.0,-47.8,2.9
184.21689,179.88828,9391,C1,N6,N4a,SQ2p,P4,0.0,0.0,0.0,1.0,0.0,1.0,C1,none,none,none,R,N6,none,none,none,R,N4,a,none,none,R,Q2,none,p,none,S,P4,none,none,none,R,17.2,-9.8,-5.0,-43.3,-17.1
175.60565,167.92462,9402,C1,N6,N4a,Q2,N1,0.0,0.0,0.0,1.0,0.0,1.0,C1,none,none,none,R,N6,none,none,none,R,N4,a,none,none,R,Q2,none,none,none,R,N1,none,none,none,R,17.2,-9.8,-5.0,-32.7,2.9
417.48806,446.2132,9450,C1,N6,N4a,P2,SQ2p,0.0,0.0,0.0,0.0,1.0,1.0,C1,none,none,none,R,N6,none,none,none,R,N4,a,none,none,R,P2,none,none,none,R,Q2,none,p,none,S,17.2,-9.8,-5.0,-13.2,-43.3
609.48284,709.07347,9455,C1,N6,N4a,P4,Q1,0.0,0.0,0.0,0.0,1.0,1.0,C1,none,none,none,R,N6,none,none,none,R,N4,a,none,none,R,P4,none,none,none,R,Q1,none,none,none,R,17.2,-9.8,-5.0,-17.1,-24.2
48.757002,79.181677,9471,C1,N6,N4a,N6,SQ2p,0.0,0.0,0.0,0.0,1.0,1.0,C1,none,none,none,R,N6,none,none,none,R,N4,a,none,none,R,N6,none,none,none,R,Q2,none,p,none,S,17.2,-9.8,-5.0,-9.8,-43.3
561.43702,551.13582,9490,C1,N6,N4a,N1,D,0.0,0.0,0.0,0.0,-2.0,-2.0,C1,none,none,none,R,N6,none,none,none,R,N4,a,none,none,R,N1,none,none,none,R,D,none,none,none,R,17.2,-9.8,-5.0,2.9,-78.8
99.415645,165.07465,9491,C1,N6,N5a,SQ3p,SQ4p,0.0,0.0,0.0,1.0,1.0,2.0,C1,none,none,none,R,N6,none,none,none,R,N5,a,none,none,R,Q3,none,p,none,S,Q4,none,p,none,S,17.2,-9.8,-7.5,-47.8,-59.2
282.46508,294.83353,9512,C1,N6,N5a,SQ3p,N1,0.0,0.0,0.0,1.0,0.0,1.0,C1,none,none,none,R,N6,none,none,none,R,N5,a,none,none,R,Q3,none,p,none,S,N1,none,none,none,R,17.2,-9.8,-7.5,-47.8,2.9
122.21843,186.23578,9513,C1,N6,N5a,SQ2p,SQ4p,0.0,0.0,0.0,1.0,1.0,2.0,C1,none,none,none,R,N6,none,none,none,R,N5,a,none,none,R,Q2,none,p,none,S,Q4,none,p,none,S,17.2,-9.8,-7.5,-43.3,-59.2
141.06974,142.25698,9532,C1,N6,N5a,SQ2p,N6,0.0,0.0,0.0,1.0,0.0,1.0,C1,none,none,none,R,N6,none,none,none,R,N5,a,none,none,R,Q2,none,p,none,S,N6,none,none,none,R,17.2,-9.8,-7.5,-43.3,-9.8
1.0655591,1.2265277,9538,C1,N6,N5a,Q2,N2a,0.0,0.0,0.0,1.0,0.0,1.0,C1,none,none,none,R,N6,none,none,none,R,N5,a,none,none,R,Q2,none,none,none,R,N2,a,none,none,R,17.2,-9.8,-7.5,-32.7,0.5
2.1385926,2.4541322,9556,C1,N6,N5a,Q2,N1,0.0,0.0,0.0,1.0,0.0,1.0,C1,none,none,none,R,N6,none,none,none,R,N5,a,none,none,R,Q2,none,none,none,R,N1,none,none,none,R,17.2,-9.8,-7.5,-32.7,2.9
159.32132,164.59768,9557,C1,N6,N5a,Q2,N6,0.0,0.0,0.0,1.0,0.0,1.0,C1,none,none,none,R,N6,none,none,none,R,N5,a,none,none,R,Q2,none,none,none,R,N6,none,none,none,R,17.2,-9.8,-7.5,-32.7,-9.8
547.54293,647.80483,9645,C1,N6,N5a,N3a,Q2,0.0,0.0,0.0,0.0,1.0,1.0,C1,none,none,none,R,N6,none,none,none,R,N5,a,none,none,R,N3,a,none,none,R,Q2,none,none,none,R,17.2,-9.8,-7.5,-3.6,-32.7
258.13945,294.74496,9662,C1,N6,N5a,P2,P6,0.0,0.0,0.0,0.0,0.0,0.0,C1,none,none,none,R,N6,none,none,none,R,N5,a,none,none,R,P2,none,none,none,R,P6,none,none,none,R,17.2,-9.8,-7.5,-13.2,-27.2
285.55381,329.69283,9696,C1,N6,N5a,N1,Q2,0.0,0.0,0.0,0.0,1.0,1.0,C1,none,none,none,R,N6,none,none,none,R,N5,a,none,none,R,N1,none,none,none,R,Q2,none,none,none,R,17.2,-9.8,-7.5,2.9,-32.7
12.495785,15.294696,9708,C1,N6,N5a,N6,SQ2p,0.0,0.0,0.0,0.0,1.0,1.0,C1,none,none,none,R,N6,none,none,none,R,N5,a,none,none,R,N6,none,none,none,R,Q2,none,p,none,S,17.2,-9.8,-7.5,-9.8,-43.3
334.02555,347.25727,9710,C1,N6,N5a,N6,P4,0.0,0.0,0.0,0.0,0.0,0.0,C1,none,none,none,R,N6,none,none,none,R,N5,a,none,none,R,N6,none,none,none,R,P4,none,none,none,R,17.2,-9.8,-7.5,-9.8,-17.1
212.04316,336.92802,9711,C1,N6,N4,SQ3p,SQ4p,0.0,0.0,0.0,1.0,1.0,2.0,C1,none,none,none,R,N6,none,none,none,R,N4,none,none,none,R,Q3,none,p,none,S,Q4,none,p,none,S,17.2,-9.8,-5.0,-47.8,-59.2
3.5995821,4.3539655,9727,C1,N6,N4,SQ3p,N3r,0.0,0.0,0.0,1.0,0.0,1.0,C1,none,none,none,R,N6,none,none,none,R,N4,none,none,none,R,Q3,none,p,none,S,N3,none,none,r,R,17.2,-9.8,-5.0,-47.8,-3.6
6.2741878,6.7625834,9729,C1,N6,N4,SQ3p,N4,0.0,0.0,0.0,1.0,0.0,1.0,C1,none,none,none,R,N6,none,none,none,R,N4,none,none,none,R,Q3,none,p,none,S,N4,none,none,none,R,17.2,-9.8,-5.0,-47.8,-5.0
375.99009,426.92977,9733,C1,N6,N4,SQ3p,N1,0.0,0.0,0.0,1.0,0.0,1.0,C1,none,none,none,R,N6,none,none,none,R,N4,none,none,none,R,Q3,none,p,none,S,N1,none,none,none,R,17.2,-9.8,-5.0,-47.8,2.9
104.51491,181.29853,9735,C1,N6,N4,SQ2p,Q5n,0.0,0.0,0.0,1.0,-1.0,0.0,C1,none,none,none,R,N6,none,none,none,R,N4,none,none,none,R,Q2,none,p,none,S,Q5,none,n,none,R,17.2,-9.8,-5.0,-43.3,-64.1
487.83484,564.46127,9755,C1,N6,N4,SQ2p,N6,0.0,0.0,0.0,1.0,0.0,1.0,C1,none,none,none,R,N6,none,none,none,R,N4,none,none,none,R,Q2,none,p,none,S,N6,none,none,none,R,17.2,-9.8,-5.0,-43.3,-9.8
145.58215,156.88802,9769,C1,N6,N4,Q2,Q1,0.0,0.0,0.0,1.0,1.0,2.0,C1,none,none,none,R,N6,none,none,none,R,N4,none,none,none,R,Q2,none,none,none,R,Q1,none,none,none,R,17.2,-9.8,-5.0,-32.7,-24.2
138.16315,134.94459,9780,C1,N6,N4,Q2,N6,0.0,0.0,0.0,1.0,0.0,1.0,C1,none,none,none,R,N6,none,none,none,R,N4,none,none,none,R,Q2,none,none,none,R,N6,none,none,none,R,17.2,-9.8,-5.0,-32.7,-9.8
72.024357,81.552259,9806,C1,N6,N4,N2,Q2,0.0,0.0,0.0,0.0,1.0,1.0,C1,none,none,none,R,N6,none,none,none,R,N4,none,none,none,R,N2,none,none,none,R,Q2,none,none,none,R,17.2,-9.8,-5.0,0.5,-32.7
77.203237,80.141986,9819,C1,N6,N4,N3r,Q1,0.0,0.0,0.0,0.0,1.0,1.0,C1,none,none,none,R,N6,none,none,none,R,N4,none,none,none,R,N3,none,none,r,R,Q1,none,none,none,R,17.2,-9.8,-5.0,-3.6,-24.2
236.62429,258.25485,9841,C1,N6,N4,N5a,Q2,0.0,0.0,0.0,0.0,1.0,1.0,C1,none,none,none,R,N6,none,none,none,R,N4,none,none,none,R,N5,a,none,none,R,Q2,none,none,none,R,17.2,-9.8,-5.0,-7.5,-32.7
441.31893,540.24169,9872,C1,N6,N4,P2,P4,0.0,0.0,0.0,0.0,0.0,0.0,C1,none,none,none,R,N6,none,none,none,R,N4,none,none,none,R,P2,none,none,none,R,P4,none,none,none,R,17.2,-9.8,-5.0,-13.2,-17.1
494.12778,586.14152,9878,C1,N6,N4,P4,N6,0.0,0.0,0.0,0.0,0.0,0.0,C1,none,none,none,R,N6,none,none,none,R,N4,none,none,none,R,P4,none,none,none,R,N6,none,none,none,R,17.2,-9.8,-5.0,-17.1,-9.8
50.201968,57.519012,9879,C1,N6,N4,P4,SQ4p,0.0,0.0,0.0,0.0,1.0,1.0,C1,none,none,none,R,N6,none,none,none,R,N4,none,none,none,R,P4,none,none,none,R,Q4,none,p,none,S,17.2,-9.8,-5.0,-17.1,-59.2
478.85491,645.20489,9886,C1,N6,N4,P4,Q1,0.0,0.0,0.0,0.0,1.0,1.0,C1,none,none,none,R,N6,none,none,none,R,N4,none,none,none,R,P4,none,none,none,R,Q1,none,none,none,R,17.2,-9.8,-5.0,-17.1,-24.2
381.62523,421.94619,9906,C1,N6,N4,N1,Q2,0.0,0.0,0.0,0.0,1.0,1.0,C1,none,none,none,R,N6,none,none,none,R,N4,none,none,none,R,N1,none,none,none,R,Q2,none,none,none,R,17.2,-9.8,-5.0,2.9,-32.7
288.09534,266.33719,9917,C1,N6,N4,N6,P4,0.0,0.0,0.0,0.0,0.0,0.0,C1,none,none,none,R,N6,none,none,none,R,N4,none,none,none,R,N6,none,none,none,R,P4,none,none,none,R,17.2,-9.8,-5.0,-9.8,-17.1
479.07982,519.89688,9937,C1,N6,N3a,SQ3p,N6,0.0,0.0,0.0,1.0,0.0,1.0,C1,none,none,none,R,N6,none,none,none,R,N3,a,none,none,R,Q3,none,p,none,S,N6,none,none,none,R,17.2,-9.8,-3.6,-47.8,-9.8
248.2041,268.02174,10136,C1,N6,P2,SQ2p,N6,0.0,0.0,0.0,1.0,0.0,1.0,C1,none,none,none,R,N6,none,none,none,R,P2,none,none,none,R,Q2,none,p,none,S,N6,none,none,none,R,17.2,-9.8,-13.2,-43.3,-9.8
109.10656,135.46244,10171,C1,N6,P2,Q1,N6,0.0,0.0,0.0,1.0,0.0,1.0,C1,none,none,none,R,N6,none,none,none,R,P2,none,none,none,R,Q1,none,none,none,R,N6,none,none,none,R,17.2,-9.8,-13.2,-24.2,-9.8
104.99128,109.41624,10177,C1,N6,P2,N2,Q2,0.0,0.0,0.0,0.0,1.0,1.0,C1,none,none,none,R,N6,none,none,none,R,P2,none,none,none,R,N2,none,none,none,R,Q2,none,none,none,R,17.2,-9.8,-13.2,0.5,-32.7
137.71453,167.09558,10182,C1,N6,P2,N1a,Q2,0.0,0.0,0.0,0.0,1.0,1.0,C1,none,none,none,R,N6,none,none,none,R,P2,none,none,none,R,N1,a,none,none,R,Q2,none,none,none,R,17.2,-9.8,-13.2,2.9,-32.7
372.81783,428.7076,10197,C1,N6,P2,N4a,P2,0.0,0.0,0.0,0.0,0.0,0.0,C1,none,none,none,R,N6,none,none,none,R,P2,none,none,none,R,N4,a,none,none,R,P2,none,none,none,R,17.2,-9.8,-13.2,-5.0,-13.2
385.24728,457.09589,10207,C1,N6,P2,N4a,P4,0.0,0.0,0.0,0.0,0.0,0.0,C1,none,none,none,R,N6,none,none,none,R,P2,none,none,none,R,N4,a,none,none,R,P4,none,none,none,R,17.2,-9.8,-13.2,-5.0,-17.1
209.65134,240.20581,10224,C1,N6,P2,N5a,N6,0.0,0.0,0.0,0.0,0.0,0.0,C1,none,none,none,R,N6,none,none,none,R,P2,none,none,none,R,N5,a,none,none,R,N6,none,none,none,R,17.2,-9.8,-13.2,-7.5,-9.8
129.06184,145.01223,10236,C1,N6,P2,N4,P4,0.0,0.0,0.0,0.0,0.0,0.0,C1,none,none,none,R,N6,none,none,none,R,P2,none,none,none,R,N4,none,none,none,R,P4,none,none,none,R,17.2,-9.8,-13.2,-5.0,-17.1
746.0411,850.31063,10245,C1,N6,P2,N3a,P4,0.0,0.0,0.0,0.0,0.0,0.0,C1,none,none,none,R,N6,none,none,none,R,P2,none,none,none,R,N3,a,none,none,R,P4,none,none,none,R,17.2,-9.8,-13.2,-3.6,-17.1
188.47059,215.21793,10261,C1,N6,P2,P2,N6,0.0,0.0,0.0,0.0,0.0,0.0,C1,none,none,none,R,N6,none,none,none,R,P2,none,none,none,R,P2,none,none,none,R,N6,none,none,none,R,17.2,-9.8,-13.2,-13.2,-9.8
295.27693,350.18709,10263,C1,N6,P2,P4,Q5n,0.0,0.0,0.0,0.0,-1.0,-1.0,C1,none,none,none,R,N6,none,none,none,R,P2,none,none,none,R,P4,none,none,none,R,Q5,none,n,none,R,17.2,-9.8,-13.2,-17.1,-64.1
101.62437,112.97138,10279,C1,N6,P2,P4,N6,0.0,0.0,0.0,0.0,0.0,0.0,C1,none,none,none,R,N6,none,none,none,R,P2,none,none,none,R,P4,none,none,none,R,N6,none,none,none,R,17.2,-9.8,-13.2,-17.1,-9.8
506.99757,620.5703,10283,C1,N6,P2,N1,Q2,0.0,0.0,0.0,0.0,1.0,1.0,C1,none,none,none,R,N6,none,none,none,R,P2,none,none,none,R,N1,none,none,none,R,Q2,none,none,none,R,17.2,-9.8,-13.2,2.9,-32.7
128.70946,141.8728,10342,C1,N6,P4,Q1,N6,0.0,0.0,0.0,1.0,0.0,1.0,C1,none,none,none,R,N6,none,none,none,R,P4,none,none,none,R,Q1,none,none,none,R,N6,none,none,none,R,17.2,-9.8,-17.1,-24.2,-9.8
85.720643,90.263449,10352,C1,N6,P4,N1a,P5,0.0,0.0,0.0,0.0,0.0,0.0,C1,none,none,none,R,N6,none,none,none,R,P4,none,none,none,R,N1,a,none,none,R,P5,none,none,none,R,17.2,-9.8,-17.1,2.9,-19.2
225.24981,250.28208,10358,C1,N6,P4,N1a,P4,0.0,0.0,0.0,0.0,0.0,0.0,C1,none,none,none,R,N6,none,none,none,R,P4,none,none,none,R,N1,a,none,none,R,P4,none,none,none,R,17.2,-9.8,-17.1,2.9,-17.1
325.31058,420.44416,10378,C1,N6,P4,N4a,N6,0.0,0.0,0.0,0.0,0.0,0.0,C1,none,none,none,R,N6,none,none,none,R,P4,none,none,none,R,N4,a,none,none,R,N6,none,none,none,R,17.2,-9.8,-17.1,-5.0,-9.8
332.88793,405.07427,10384,C1,N6,P4,N4a,P4,0.0,0.0,0.0,0.0,0.0,0.0,C1,none,none,none,R,N6,none,none,none,R,P4,none,none,none,R,N4,a,none,none,R,P4,none,none,none,R,17.2,-9.8,-17.1,-5.0,-17.1
317.97941,403.04737,10398,C1,N6,P4,N5a,N6,0.0,0.0,0.0,0.0,0.0,0.0,C1,none,none,none,R,N6,none,none,none,R,P4,none,none,none,R,N5,a,none,none,R,N6,none,none,none,R,17.2,-9.8,-17.1,-7.5,-9.8
109.04848,125.04557,10411,C1,N6,P4,N4,N6,0.0,0.0,0.0,0.0,0.0,0.0,C1,none,none,none,R,N6,none,none,none,R,P4,none,none,none,R,N4,none,none,none,R,N6,none,none,none,R,17.2,-9.8,-17.1,-5.0,-9.8
1641.4623,2144.4489,10441,C1,N6,P4,P2,N6,0.0,0.0,0.0,0.0,0.0,0.0,C1,none,none,none,R,N6,none,none,none,R,P4,none,none,none,R,P2,none,none,none,R,N6,none,none,none,R,17.2,-9.8,-17.1,-13.2,-9.8
550.15392,601.26071,10465,C1,N6,P4,N1,P5,0.0,0.0,0.0,0.0,0.0,0.0,C1,none,none,none,R,N6,none,none,none,R,P4,none,none,none,R,N1,none,none,none,R,P5,none,none,none,R,17.2,-9.8,-17.1,2.9,-19.2
-0.24967978,-0.43984521,10483,C1,N6,P4,N6,P4,0.0,0.0,0.0,0.0,0.0,0.0,C1,none,none,none,R,N6,none,none,none,R,P4,none,none,none,R,N6,none,none,none,R,P4,none,none,none,R,17.2,-9.8,-17.1,-9.8,-17.1
53.356366,56.71419,10565,C1,N6,N1,SQ2p,N6,0.0,0.0,0.0,1.0,0.0,1.0,C1,none,none,none,R,N6,none,none,none,R,N1,none,none,none,R,Q2,none,p,none,S,N6,none,none,none,R,17.2,-9.8,2.9,-43.3,-9.8
322.24582,387.01482,10625,C1,N6,N1,P2,Q2,0.0,0.0,0.0,0.0,1.0,1.0,C1,none,none,none,R,N6,none,none,none,R,N1,none,none,none,R,P2,none,none,none,R,Q2,none,none,none,R,17.2,-9.8,2.9,-13.2,-32.7
455.60901,459.46792,10641,C1,N6,N1,N6,Q2,0.0,0.0,0.0,0.0,1.0,1.0,C1,none,none,none,R,N6,none,none,none,R,N1,none,none,none,R,N6,none,none,none,R,Q2,none,none,none,R,17.2,-9.8,2.9,-9.8,-32.7
21.673089,28.225984,10653,C1,N6,N6,SQ3p,P3a,0.0,0.0,0.0,1.0,0.0,1.0,C1,none,none,none,R,N6,none,none,none,R,N6,none,none,none,R,Q3,none,p,none,S,P3,a,none,none,R,17.2,-9.8,-9.8,-47.8,-15.0
1175.7245,1267.5411,10655,C1,N6,N6,SQ3p,Q1,0.0,0.0,0.0,1.0,1.0,2.0,C1,none,none,none,R,N6,none,none,none,R,N6,none,none,none,R,Q3,none,p,none,S,Q1,none,none,none,R,17.2,-9.8,-9.8,-47.8,-24.2
793.8654,831.31741,10656,C1,N6,N6,SQ3p,SQ3p,0.0,0.0,0.0,1.0,1.0,2.0,C1,none,none,none,R,N6,none,none,none,R,N6,none,none,none,R,Q3,none,p,none,S,Q3,none,p,none,S,17.2,-9.8,-9.8,-47.8,-47.8
186.66491,178.80443,10666,C1,N6,N6,SQ3p,N6,0.0,0.0,0.0,1.0,0.0,1.0,C1,none,none,none,R,N6,none,none,none,R,N6,none,none,none,R,Q3,none,p,none,S,N6,none,none,none,R,17.2,-9.8,-9.8,-47.8,-9.8
147.28315,138.8002,10680,C1,N6,N6,SQ2p,Q1,0.0,0.0,0.0,1.0,1.0,2.0,C1,none,none,none,R,N6,none,none,none,R,N6,none,none,none,R,Q2,none,p,none,S,Q1,none,none,none,R,17.2,-9.8,-9.8,-43.3,-24.2
235.25122,216.83637,10681,C1,N6,N6,SQ2p,SQ3p,0.0,0.0,0.0,1.0,1.0,2.0,C1,none,none,none,R,N6,none,none,none,R,N6,none,none,none,R,Q2,none,p,none,S,Q3,none,p,none,S,17.2,-9.8,-9.8,-43.3,-47.8
181.19206,181.45037,10691,C1,N6,N6,SQ2p,N6,0.0,0.0,0.0,1.0,0.0,1.0,C1,none,none,none,R,N6,none,none,none,R,N6,none,none,none,R,Q2,none,p,none,S,N6,none,none,none,R,17.2,-9.8,-9.8,-43.3,-9.8
-0.50828667,-0.65948777,10710,C1,N6,N6,Q2,Q2,0.0,0.0,0.0,1.0,1.0,2.0,C1,none,none,none,R,N6,none,none,none,R,N6,none,none,none,R,Q2,none,none,none,R,Q2,none,none,none,R,17.2,-9.8,-9.8,-32.7,-32.7
139.23206,134.62107,10718,C1,N6,N6,Q2,N6,0.0,0.0,0.0,1.0,0.0,1.0,C1,none,none,none,R,N6,none,none,none,R,N6,none,none,none,R,Q2,none,none,none,R,N6,none,none,none,R,17.2,-9.8,-9.8,-32.7,-9.8
-0.37868448,-0.46714424,10736,C1,N6,N6,Q1,N1a,0.0,0.0,0.0,1.0,0.0,1.0,C1,none,none,none,R,N6,none,none,none,R,N6,none,none,none,R,Q1,none,none,none,R,N1,a,none,none,R,17.2,-9.8,-9.8,-24.2,2.9
1.5508075,1.7464997,10742,C1,N6,N6,Q1,N1,0.0,0.0,0.0,1.0,0.0,1.0,C1,none,none,none,R,N6,none,none,none,R,N6,none,none,none,R,Q1,none,none,none,R,N1,none,none,none,R,17.2,-9.8,-9.8,-24.2,2.9
2.6058097,2.9276078,10760,C1,N6,N6,N1a,SQ2p,0.0,0.0,0.0,0.0,1.0,1.0,C1,none,none,none,R,N6,none,none,none,R,N6,none,none,none,R,N1,a,none,none,R,Q2,none,p,none,S,17.2,-9.8,-9.8,2.9,-43.3
246.19954,302.24017,10772,C1,N6,N6,N3r,P4,0.0,0.0,0.0,0.0,0.0,0.0,C1,none,none,none,R,N6,none,none,none,R,N6,none,none,none,R,N3,none,none,r,R,P4,none,none,none,R,17.2,-9.8,-9.8,-3.6,-17.1
238.36548,283.88532,10797,C1,N6,N6,N5a,P4,0.0,0.0,0.0,0.0,0.0,0.0,C1,none,none,none,R,N6,none,none,none,R,N6,none,none,none,R,N5,a,none,none,R,P4,none,none,none,R,17.2,-9.8,-9.8,-7.5,-17.1
511.23478,615.34179,10819,C1,N6,N6,N3a,P4,0.0,0.0,0.0,0.0,0.0,0.0,C1,none,none,none,R,N6,none,none,none,R,N6,none,none,none,R,N3,a,none,none,R,P4,none,none,none,R,17.2,-9.8,-9.8,-3.6,-17.1
558.40525,720.57951,10840,C1,N6,N6,P4,N3r,0.0,0.0,0.0,0.0,0.0,0.0,C1,none,none,none,R,N6,none,none,none,R,N6,none,none,none,R,P4,none,none,none,R,N3,none,none,r,R,17.2,-9.8,-9.8,-17.1,-3.6
408.46306,519.37904,10851,C1,N6,N6,P4,Q1,0.0,0.0,0.0,0.0,1.0,1.0,C1,none,none,none,R,N6,none,none,none,R,N6,none,none,none,R,P4,none,none,none,R,Q1,none,none,none,R,17.2,-9.8,-9.8,-17.1,-24.2
325.13579,401.82979,10887,C1,N6,N6,N1,Q2,0.0,0.0,0.0,0.0,1.0,1.0,C1,none,none,none,R,N6,none,none,none,R,N6,none,none,none,R,N1,none,none,none,R,Q2,none,none,none,R,17.2,-9.8,-9.8,2.9,-32.7
87.110468,105.40766,10889,C1,N6,N6,N6,Q5n,0.0,0.0,0.0,0.0,-1.0,-1.0,C1,none,none,none,R,N6,none,none,none,R,N6,none,none,none,R,N6,none,none,none,R,Q5,none,n,none,R,17.2,-9.8,-9.8,-9.8,-64.1
3.9612349,4.9965105,10897,C1,N6,N6,N6,P2,0.0,0.0,0.0,0.0,0.0,0.0,C1,none,none,none,R,N6,none,none,none,R,N6,none,none,none,R,N6,none,none,none,R,P2,none,none,none,R,17.2,-9.8,-9.8,-9.8,-13.2
0.35652815,0.41506119,10960,C1,SQ3p,N4,P5,,0.0,1.0,0.0,0.0,,1.0,C1,none,none,none,R,Q3,none,p,none,S,N4,none,none,none,R,P5,none,none,none,R,,,,,,17.2,-47.8,-5.0,-19.2,
-0.67338363,-0.74565815,11020,C1,Q2,N1a,P1,,0.0,1.0,0.0,0.0,,1.0,C1,none,none,none,R,Q2,none,none,none,R,N1,a,none,none,R,P1,none,none,none,R,,,,,,17.2,-32.7,2.9,-11.1,
-0.63966324,-0.73113304,11072,C1,Q2,N4,P3,,0.0,1.0,0.0,0.0,,1.0,C1,none,none,none,R,Q2,none,none,none,R,N4,none,none,none,R,P3,none,none,none,R,,,,,,17.2,-32.7,-5.0,-15.0,
155.66117,199.26894,11370,C1,N4a,N4a,SQ2p,,0.0,0.0,0.0,1.0,,1.0,C1,none,none,none,R,N4,a,none,none,R,N4,a,none,none,R,Q2,none,p,none,S,,,,,,17.2,-5.0,-5.0,-43.3,
59.962075,73.253014,11392,C1,N4a,P2,SQ4p,,0.0,0.0,0.0,1.0,,1.0,C1,none,none,none,R,N4,a,none,none,R,P2,none,none,none,R,Q4,none,p,none,S,,,,,,17.2,-5.0,-13.2,-59.2,
12.577109,15.703897,11421,C1,N4a,P6,P2,,0.0,0.0,0.0,0.0,,0.0,C1,none,none,none,R,N4,a,none,none,R,P6,none,none,none,R,P2,none,none,none,R,,,,,,17.2,-5.0,-27.2,-13.2,
22.394104,24.119283,11438,C1,N5a,SQ2p,N6,,0.0,0.0,1.0,0.0,,1.0,C1,none,none,none,R,N5,a,none,none,R,Q2,none,p,none,S,N6,none,none,none,R,,,,,,17.2,-7.5,-43.3,-9.8,
58.126241,75.434481,11468,C1,N5a,N1a,Q4n,,0.0,0.0,0.0,-1.0,,-1.0,C1,none,none,none,R,N5,a,none,none,R,N1,a,none,none,R,Q4,none,n,none,R,,,,,,17.2,-7.5,2.9,-48.3,
124.92242,154.19126,11505,C1,N5a,P2,Q2,,0.0,0.0,0.0,1.0,,1.0,C1,none,none,none,R,N5,a,none,none,R,P2,none,none,none,R,Q2,none,none,none,R,,,,,,17.2,-7.5,-13.2,-32.7,
123.48472,143.47676,11508,C1,N5a,P2,P6,,0.0,0.0,0.0,0.0,,0.0,C1,none,none,none,R,N5,a,none,none,R,P2,none,none,none,R,P6,none,none,none,R,,,,,,17.2,-7.5,-13.2,-27.2,
5.530919,6.1771612,11540,C1,N4,SQ3p,N5a,,0.0,0.0,1.0,0.0,,1.0,C1,none,none,none,R,N4,none,none,none,R,Q3,none,p,none,S,N5,a,none,none,R,,,,,,17.2,-5.0,-47.8,-7.5,
58.089174,71.490189,11610,C1,N4,N6,Q5n,,0.0,0.0,0.0,-1.0,,-1.0,C1,none,none,none,R,N4,none,none,none,R,N6,none,none,none,R,Q5,none,n,none,R,,,,,,17.2,-5.0,-9.8,-64.1,
198.8098,211.40265,11636,C1,N3a,N2,Q4n,,0.0,0.0,0.0,-1.0,,-1.0,C1,none,none,none,R,N3,a,none,none,R,N2,none,none,none,R,Q4,none,n,none,R,,,,,,17.2,-3.6,0.5,-48.3,
49.359159,56.556538,11639,C1,N3a,N1a,Q4n,,0.0,0.0,0.0,-1.0,,-1.0,C1,none,none,none,R,N3,a,none,none,R,N1,a,none,none,R,Q4,none,n,none,R,,,,,,17.2,-3.6,2.9,-48.3,
125.34157,151.84242,11666,C1,N3a,P2,Q2,,0.0,0.0,0.0,1.0,,1.0,C1,none,none,none,R,N3,a,none,none,R,P2,none,none,none,R,Q2,none,none,none,R,,,,,,17.2,-3.6,-13.2,-32.7,
17.487444,20.937512,11668,C1,N3a,P4,Q4n,,0.0,0.0,0.0,-1.0,,-1.0,C1,none,none,none,R,N3,a,none,none,R,P4,none,none,none,R,Q4,none,n,none,R,,,,,,17.2,-3.6,-17.1,-48.3,
27.882216,30.345118,11804,C1,N1,N2,Q5n,,0.0,0.0,0.0,-1.0,,-1.0,C1,none,none,none,R,N1,none,none,none,R,N2,none,none,none,R,Q5,none,n,none,R,,,,,,17.2,2.9,0.5,-64.1,
56.669929,57.654311,11830,C1,N1,N6,SQ2p,,0.0,0.0,0.0,1.0,,1.0,C1,none,none,none,R,N1,none,none,none,R,N6,none,none,none,R,Q2,none,p,none,S,,,,,,17.2,2.9,-9.8,-43.3,
16.884527,29.494847,11831,C1,N6,SQ3p,SQ4p,,0.0,0.0,1.0,1.0,,2.0,C1,none,none,none,R,N6,none,none,none,R,Q3,none,p,none,S,Q4,none,p,none,S,,,,,,17.2,-9.8,-47.8,-59.2,
21.771007,33.064464,11832,C1,N6,SQ3p,Q5n,,0.0,0.0,1.0,-1.0,,0.0,C1,none,none,none,R,N6,none,none,none,R,Q3,none,p,none,S,Q5,none,n,none,R,,,,,,17.2,-9.8,-47.8,-64.1,
44.801496,49.118284,11853,C1,N6,SQ3p,N6,,0.0,0.0,1.0,0.0,,1.0,C1,none,none,none,R,N6,none,none,none,R,Q3,none,p,none,S,N6,none,none,none,R,,,,,,17.2,-9.8,-47.8,-9.8,
17.595693,29.546012,11854,C1,N6,SQ2p,SQ4p,,0.0,0.0,1.0,1.0,,2.0,C1,none,none,none,R,N6,none,none,none,R,Q2,none,p,none,S,Q4,none,p,none,S,,,,,,17.2,-9.8,-43.3,-59.2,
16.014463,29.78283,11855,C1,N6,SQ2p,Q5n,,0.0,0.0,1.0,-1.0,,0.0,C1,none,none,none,R,N6,none,none,none,R,Q2,none,p,none,S,Q5,none,n,none,R,,,,,,17.2,-9.8,-43.3,-64.1,
3.4671802,3.5911997,11900,C1,N6,Q2,P4,,0.0,0.0,1.0,0.0,,1.0,C1,none,none,none,R,N6,none,none,none,R,Q2,none,none,none,R,P4,none,none,none,R,,,,,,17.2,-9.8,-32.7,-17.1,
103.39712,128.31388,12018,C1,N6,N1,SQ2p,,0.0,0.0,0.0,1.0,,1.0,C1,none,none,none,R,N6,none,none,none,R,N1,none,none,none,R,Q2,none,p,none,S,,,,,,17.2,-9.8,2.9,-43.3,
-0.59767755,-0.70497714,12031,C1,SQ3p,N4a,,,0.0,1.0,0.0,,,1.0,C1,none,none,none,R,Q3,none,p,none,S,N4,a,none,none,R,,,,,,,,,,,17.2,-47.8,-5.0,,
0.10765181,0.12497351,12055,C1,Q2,P6,,,0.0,1.0,0.0,,,1.0,C1,none,none,none,R,Q2,none,none,none,R,P6,none,none,none,R,,,,,,,,,,,17.2,-32.7,-27.2,,
16.71562,19.524231,12094,C1,N3a,D,,,0.0,0.0,-2.0,,,-2.0,C1,none,none,none,R,N3,a,none,none,R,D,none,none,none,R,,,,,,,,,,,17.2,-3.6,-78.8,,
6.2858094,9.2288086,12122,C1,N6,Q5,,,0.0,0.0,-1.0,,,-1.0,C1,none,none,none,R,N6,none,none,none,R,Q5,none,none,none,R,,,,,,,,,,,17.2,-9.8,-64.1,,
5.9069901,6.8615775,12123,C1,SQ3p,,,,0.0,1.0,,,,1.0,C1,none,none,none,R,Q3,none,p,none,S,,,,,,,,,,,,,,,,17.2,-47.8,,,
